,GRADE,temp,dew,humidity,precip,Year,Month,Week,Holiday,Actual Quantity,Predicted Quantity
0,Choice Domestic,19.03333333,7.016666667,48.75,0.424166667,2020,10,43,0,3665,4561
1,Choice Domestic,18.74285714,8.385714286,55.47142857,0.28,2020,11,44,0,3656,6251
2,Choice Domestic,18.78571429,12.24285714,67.85714286,1.072142857,2020,11,45,0,7126,9446
3,Choice Domestic,15.32857143,6.757142857,59,0.01,2020,11,46,0,7095,9075
4,Choice Domestic,16.62857143,10.42857143,69.57142857,0,2020,11,47,0,15525,14576
5,Choice Domestic,15.1,6,59.07142857,0,2020,11,48,0,3209,4016
6,Choice Domestic,14.35714286,0.928571429,43.84285714,0,2020,12,49,0,2816,2987
7,Choice Domestic,14.65714286,6.628571429,61.88571429,0,2020,12,50,0,15096,15176
8,Choice Domestic,13.82857143,6.128571429,63.67142857,0.1,2020,12,51,0,14413,14125
9,Choice Domestic,14.6,6.2,61.25714286,0,2020,12,52,0,9975,11546
10,Choice Domestic,12.77142857,7.814285714,74.78571429,0,2021,1,1,0,10828,12421
11,Choice Domestic,16.14285714,2.585714286,44.02857143,0,2021,1,2,0,14243,15011
12,Choice Domestic,15.41428571,7.885714286,63.78571429,2,2021,1,3,0,21895,23444
13,Choice Domestic,12.51428571,5.171428571,62.7,4.493428571,2021,1,4,0,29582,28258
14,Choice Domestic,14.78571429,9.714285714,72.75714286,0,2021,2,5,0,30460,31996
15,Choice Domestic,14.41428571,8.971428571,70.4,0.152571429,2021,2,6,0,34873,35766
16,Choice Domestic,14.48571429,5.885714286,60.45714286,0.223428571,2021,2,7,0,36472,34936
17,Choice Domestic,15.44285714,5.057142857,55.05714286,0,2021,2,8,0,38612,37463
18,Choice Domestic,14.64285714,6.3,62.14285714,2.315142857,2021,3,9,0,35881,33577
19,Choice Domestic,13.77142857,7.028571429,64.34285714,2.34,2021,3,10,0,27681,28971
20,Choice Domestic,13.8,7.557142857,66.8,0.628857143,2021,3,11,0,33395,32677
21,Choice Domestic,15.28571429,7.714285714,62.57142857,0.224714286,2021,3,12,0,37468,32869
22,Choice Domestic,17.84285714,8.428571429,61.21428571,0,2021,4,13,0,75979,72198
23,Choice Domestic,16.81428571,11.5,71.22857143,0,2021,4,14,0,45840,43557
24,Choice Domestic,16.5,8.985714286,62.18571429,0,2021,4,15,0,29590,33615
25,Choice Domestic,16.48571429,9.657142857,64.82857143,0.06,2021,4,16,0,45651,42616
26,Choice Domestic,17.65714286,10.01428571,62.48571429,0.214714286,2021,5,17,0,29326,27915
27,Choice Domestic,17.62857143,11.77142857,68.95714286,0,2021,5,18,0,42749,37576
28,Choice Domestic,17.55714286,11.57142857,68.11428571,0.16,2021,5,19,0,58994,47421
29,Choice Domestic,17.04285714,10.67142857,66.44285714,0.07,2021,5,20,0,21571,19390
30,Choice Domestic,17.84285714,12.08571429,69.32857143,0,2021,5,21,0,22533,20024
31,Choice Domestic,18.08571429,12.75714286,71.25714286,0,2021,6,22,0,25456,23711
32,Choice Domestic,18.81428571,12.41428571,67.01,0,2021,6,23,0,19082,17504
33,Choice Domestic,19.98571429,15.48571429,75.88571429,0,2021,6,24,0,26736,24721
34,Choice Domestic,20.07142857,14.87142857,72.25714286,0.05,2021,6,25,0,23618,22205
35,Choice Domestic,20.24285714,15.75714286,75.72857143,0,2021,7,26,0,27113,24130
36,Choice Domestic,21.38571429,16.05714286,71.95714286,0,2021,7,27,0,24037,21581
37,Choice Domestic,22.58571429,16.87142857,70.45714286,0,2021,7,28,0,23136,20602
38,Choice Domestic,22.84285714,17.3,71.32857143,0,2021,7,29,0,23274,20425
39,Choice Domestic,21.87142857,17.3,75.87142857,0,2021,8,30,0,20873,16874
40,Choice Domestic,21.01428571,16.11428571,74.21428571,0,2021,8,31,0,24701,20685
41,Choice Domestic,23.52857143,17.9,71.67142857,0.670142857,2021,8,32,0,2996,2800
42,Choice Domestic,22.9,16.97142857,69.42857143,0,2021,8,33,0,0,682
43,Choice Domestic,22.58571429,17.41428571,73.12857143,0,2021,8,34,0,0,968
44,Choice Domestic,22.32857143,16.32857143,69.54285714,0,2021,9,35,0,0,749
45,Choice Domestic,23.5,18.37142857,73.62857143,0,2021,9,36,0,0,957
46,Choice Domestic,20.82857143,14.91428571,69.24285714,0,2021,9,37,0,0,736
47,Choice Domestic,21.71428571,16.27142857,71.97142857,1.47,2021,9,38,0,0,471
48,Choice Domestic,21.37142857,12.55714286,60.87142857,0,2021,10,39,0,0,640
49,Choice Domestic,20.5,14.74285714,70.88571429,2.802142857,2021,10,40,0,0,295
50,Choice Domestic,18.67142857,7.3,51.57142857,0,2021,10,41,0,755,1272
51,Choice Domestic,17.37142857,11.67142857,69.92857143,0,2021,10,42,0,11378,12338
52,Choice Domestic,18.28571429,11.87142857,68.14285714,0.729285714,2021,10,43,0,5288,8061
53,Choice Domestic,16.97142857,12.97142857,77.55714286,0,2021,11,44,0,6895,9451
54,Choice Domestic,19.47142857,9.742857143,57.85714286,0,2021,11,45,0,11302,14436
55,Choice Domestic,16.9,11.25714286,71.67142857,0,2021,11,46,0,14734,16052
56,Choice Domestic,16.21428571,4.6,53.18571429,0,2021,11,47,0,6395,6878
57,Choice Domestic,14.75714286,11.14285714,80.05714286,0,2021,12,48,0,9930,10894
58,Choice Domestic,13.6,8.914285714,74.98571429,0.389571429,2021,12,49,0,11314,11737
59,Choice Domestic,12.1,6.642857143,71.05714286,3.782142857,2021,12,50,0,6059,7310
60,Choice Domestic,13.57142857,9.228571429,76.17142857,3.994142857,2021,12,51,0,5142,7428
61,Choice Domestic,13.24285714,7.814285714,70.8,1.480428571,2022,1,52,0,5137,7163
62,Choice Domestic,11.92857143,7.757142857,76.94285714,0.01,2022,1,1,0,13272,13486
63,Choice Domestic,15.42857143,6.1,57.11428571,0.122142857,2022,1,2,0,16882,16885
64,Choice Domestic,14.37142857,9.128571429,73.47142857,0.455571429,2022,1,3,0,43700,36569
65,Choice Domestic,13.37142857,5.114285714,62.04285714,0,2022,1,4,0,32360,30971
66,Choice Domestic,12.65714286,2.757142857,55.78571429,0,2022,2,5,0,12564,16572
67,Choice Domestic,17.7,0.857142857,36.1,0,2022,2,6,0,26528,26091
68,Choice Domestic,13.55714286,6.485714286,65.47142857,0.670428571,2022,2,7,0,22228,21957
69,Choice Domestic,12.34285714,3.314285714,56.35714286,1.430142857,2022,2,8,0,17445,17986
70,Choice Domestic,14.65714286,5.928571429,60.74285714,2.093,2022,3,9,0,20290,21267
71,Choice Domestic,13.95714286,5.985714286,61.82857143,0,2022,3,10,0,9184,11904
72,Choice Domestic,15.78571429,11.11428571,75.44285714,1.046571429,2022,3,11,0,9315,12459
73,Choice Domestic,16.94285714,10.22857143,68.17142857,0,2022,3,12,0,15786,16498
74,Choice Domestic,15.48571429,11.44285714,77.31428571,2.340142857,2022,4,13,0,10132,13534
75,Choice Domestic,18.51428571,10.61428571,67.34285714,0,2022,4,14,0,17623,17914
76,Choice Domestic,15.67142857,9.057142857,66.08571429,0,2022,4,15,0,12960,14897
77,Choice Domestic,16.47142857,10.4,69.17142857,0.08,2022,4,16,0,3692,6236
78,Choice Domestic,16.81428571,10.01428571,66.72857143,0,2022,5,17,0,417,1223
79,Choice Domestic,16.41428571,11.85714286,74.88571429,0,2022,5,18,0,501,1097
80,Choice Domestic,17.28571429,8.371428571,58.37142857,0,2022,5,19,0,0,1270
81,Choice Domestic,16.24285714,12.1,76.85714286,0.101571429,2022,5,20,0,2599,3359
82,Choice Domestic,16.65714286,12.24285714,75.55714286,0,2022,5,21,0,0,2084
83,Choice Domestic,17.4,13.08571429,75.97142857,0,2022,6,22,0,3228,4281
84,Choice Domestic,18.04285714,15.3,84.45714286,0,2022,6,23,0,3398,3680
85,Choice Domestic,18,13.6,75.92857143,0,2022,6,24,0,4225,6287
86,Choice Domestic,20.24285714,15.98571429,77.38571429,0,2022,6,25,0,665,2087
87,Choice Domestic,20.44285714,16.3,77.75714286,0,2022,7,26,0,312,1020
88,Choice Domestic,19.74285714,15.57142857,77.25714286,0,2022,7,27,0,0,169
89,Choice Domestic,18.95714286,15.82857143,82.44285714,0,2022,7,28,0,0,82
90,Choice Domestic,20.92857143,16.68571429,77.31428571,0,2022,7,29,0,0,198
91,Choice Domestic,21.5,16.68571429,74.4,0,2022,7,30,0,0,1237
92,Choice Domestic,22.75714286,18.24285714,76.28571429,0,2022,8,31,0,0,684
93,Choice Domestic,23.74285714,18.8,74.71428571,0,2022,8,32,0,0,139
94,Choice Domestic,22.62857143,18.05714286,75.7,0,2022,8,33,0,0,-14
95,Choice Domestic,22.55714286,17.72857143,74.62857143,0,2022,8,34,0,0,15
96,Choice Domestic,25.7,18.71428571,66.84285714,0,2022,9,35,0,0,-428
97,Choice Domestic,25.81428571,20.25714286,72.97142857,1.449714286,2022,9,36,0,0,-115
98,Choice Domestic,21.97142857,16.6,71.94285714,0,2022,9,37,0,0,-89
99,Choice Domestic,22.4,16.85714286,71.84285714,0,2022,9,38,0,0,-7
100,Choice Domestic,21.48571429,17.14285714,76.92857143,0,2022,10,39,0,0,5
101,Choice Domestic,20.51428571,16.92857143,80.25714286,0,2022,10,40,0,0,-151
102,Choice Domestic,20.17142857,15.82857143,76.57142857,0.160142857,2022,10,41,0,0,83
103,Choice Domestic,20.81428571,14.15714286,68.24285714,0.107857143,2022,10,42,0,5960,6114
104,Choice Domestic,18.01428571,11.64285714,68.48571429,0,2022,10,43,0,8139,7820
105,Choice Domestic,16.4,8.928571429,63.25714286,0.182571429,2022,11,44,0,7165,7223
106,Choice Domestic,14.77142857,8.9,69.8,2.425285714,2022,11,45,0,4991,6215
107,Choice Domestic,14.45714286,4.8,57.24285714,0,2022,11,46,0,9747,10164
108,Choice Domestic,14.7,3.014285714,51.24285714,0,2022,11,47,0,7174,6879
109,Choice Domestic,14.65714286,8.971428571,69.94285714,0.01,2022,12,48,0,9291,10696
110,Choice Domestic,13.04285714,8.114285714,72.9,1.583285714,2022,12,49,0,8644,9539
111,Choice Domestic,11.55714286,4.785714286,66.02857143,1.570142857,2022,12,50,0,11952,13407
112,Choice Domestic,12.91428571,6.542857143,68.81428571,0,2022,12,51,0,12645,13856
113,Choice Domestic,15.14285714,10.7,76.67142857,3.93,2023,1,52,0,21714,21034
114,Choice Domestic,15.14285714,10.7,76.67142857,3.93,2023,1,52,0,21714,8439
115,Choice Domestic,14.15714286,11.71428571,85.98571429,0.793857143,2023,12,52,0,21714,21034
116,Choice Domestic,14.15714286,11.71428571,85.98571429,0.793857143,2023,12,52,0,21714,8439
117,Choice Domestic,14.25714286,9.9,76.54285714,1.888142857,2023,1,1,0,18784,18238
118,Choice Domestic,14.07142857,9.471428571,75.95714286,6.243714286,2023,1,2,0,23644,21272
119,Choice Domestic,11.95714286,6.514285714,70.47142857,4.116571429,2023,1,3,0,23081,22700
120,Choice Domestic,12.88571429,2.314285714,53.21428571,0,2023,1,4,0,26778,32144
121,Choice Domestic,12.51428571,5.785714286,66.17142857,1.239142857,2023,2,5,0,34348,35235
122,Choice Domestic,14.07142857,2.971428571,51.45714286,1.157142857,2023,2,6,0,41899,41908
123,Choice Domestic,12.35714286,1.8,52.77142857,0.480857143,2023,2,7,0,47607,45665
124,Choice Domestic,12.27142857,5.914285714,66.17142857,4.105428571,2023,2,8,0,36550,35983
125,Choice Domestic,11.9,5.357142857,65.21428571,1.009428571,2023,3,9,0,11250,14401
126,Choice Domestic,13.64285714,9,74.62857143,2.113428571,2023,3,10,0,42817,40685
127,Choice Domestic,14.82857143,10.3,75.9,4.279714286,2023,3,11,0,34490,33839
128,Choice Domestic,13.88571429,8.171428571,69.51428571,3.834285714,2023,3,12,0,22694,23416
129,Choice Domestic,13.74285714,7.357142857,67.27142857,1.273857143,2023,4,13,0,55818,54438
130,Choice Domestic,14.08571429,6.342857143,62.48571429,0,2023,4,14,0,49947,47821
131,Choice Domestic,14.22857143,10.32857143,78.11428571,0.269428571,2023,4,15,0,30034,31411
132,Choice Domestic,16.74285714,9.728571429,66.1,0.101571429,2023,4,16,0,45993,43027
133,Choice Domestic,16.21428571,12.14285714,77.04285714,0,2023,4,17,0,20436,18792
134,Choice Domestic,16,9.471428571,65.88571429,0.374428571,2023,5,18,0,9277,9268
135,Choice Domestic,16.41428571,11.71428571,74.11428571,0,2023,5,19,0,5365,7058
136,Choice Domestic,16.75714286,13.41428571,80.81428571,0,2023,5,20,0,12534,11323
137,Choice Domestic,16.72857143,12.01428571,74.18571429,0,2023,5,21,0,5048,6303
138,Choice Domestic,17.2,12.32857143,73.51428571,0,2023,6,22,0,20855,19034
139,Choice Domestic,17.54285714,12.51428571,72.94285714,0.11,2023,6,23,0,11604,11894
140,Choice Domestic,18.17142857,14.14285714,77.61428571,0,2023,6,24,0,37336,30339
141,Choice Domestic,18.34285714,12.95714286,71.7,0,2023,6,25,0,35810,28862
142,Choice Domestic,18.7,14.24285714,75.75714286,0,2023,7,26,0,25230,21311
143,Choice Domestic,18.54285714,14.22857143,76.5,0,2023,7,27,0,5068,6382
144,Choice Domestic,21.05714286,16.82857143,77.85714286,0,2023,7,28,0,0,1306
145,Choice Domestic,21.22857143,17.85714286,81.71428571,0,2023,7,29,0,0,1230
146,Choice Domestic,22.01428571,18.7,82.2,0,2023,7,30,0,0,1000
147,Choice Domestic,21.78571429,17.88571429,79.01428571,0,2023,8,31,0,0,1225
148,Choice Domestic,22.01428571,17.84285714,77.74285714,0,2023,8,32,0,0,255
149,Choice Domestic,21.24285714,18.22857143,83.3,6.463142857,2023,8,33,0,0,236
150,Choice Domestic,21.11428571,17.52857143,80.61428571,0.08,2023,8,34,0,0,128
151,Choice Domestic,22.52857143,18.81428571,80.35714286,0.05,2023,9,35,0,0,176
152,Choice Domestic,22.54285714,17.51428571,73.95714286,0,2023,9,36,0,0,326
153,Choice Domestic,21.55714286,17.01428571,75.7,0,2023,9,37,0,0,494
154,Choice Domestic,20.27142857,15.58571429,74.82857143,0.143714286,2023,9,38,0,0,473
155,Choice Domestic,19.5,14.98571429,75.82857143,0.01,2023,10,39,0,0,607
156,Choice Domestic,20.12857143,15.64285714,76.84285714,0,2023,10,40,0,0,484
157,Choice Domestic,19.57142857,15.78571429,79.51428571,0.03,2023,10,41,0,0,248
158,Choice Domestic,19.81428571,16.74285714,83.31428571,0,2023,10,42,0,0,1206
159,Choice Domestic,18.32857143,13.44285714,74.95714286,0.02,2023,10,43,0,5787,7606
160,Choice Domestic,17.32857143,3.9,46.9,0,2023,11,44,0,10705,11083
161,Choice Domestic,16.52857143,7.657142857,60.65714286,0,2023,11,45,0,17617,15964
162,Choice Domestic,17.2,11.77142857,73.37142857,0.753571429,2023,11,46,0,16738,17098
163,Choice Domestic,16.11428571,6.928571429,58.04285714,0.04,2023,11,47,0,13946,13180
164,Choice Domestic,14.32857143,8.185714286,69.5,1.01,2023,12,48,0,6601,8907
165,Choice Domestic,14.88571429,7.971428571,68.3,0,2023,12,49,0,12485,13478
166,Choice Domestic,14.77142857,6.214285714,60.2,0,2023,12,50,0,8906,12573
167,Choice Domestic,16.17142857,11.92857143,77.37142857,1.376428571,2023,12,51,0,6165,8093
168,Choice Domestic,12.93333333,9.066666667,78.5,1.248333333,2024,1,1,0,3451,3553
169,Choice Export,19.03333333,7.016666667,48.75,0.424166667,2020,10,43,0,0,-244
170,Choice Export,18.74285714,8.385714286,55.47142857,0.28,2020,11,44,0,0,173
171,Choice Export,18.78571429,12.24285714,67.85714286,1.072142857,2020,11,45,0,0,240
172,Choice Export,15.32857143,6.757142857,59,0.01,2020,11,46,0,0,-488
173,Choice Export,16.62857143,10.42857143,69.57142857,0,2020,11,47,0,0,800
174,Choice Export,15.1,6,59.07142857,0,2020,11,48,0,0,-646
175,Choice Export,14.35714286,0.928571429,43.84285714,0,2020,12,49,0,0,-1669
176,Choice Export,14.65714286,6.628571429,61.88571429,0,2020,12,50,0,0,195
177,Choice Export,13.82857143,6.128571429,63.67142857,0.1,2020,12,51,0,216,572
178,Choice Export,14.6,6.2,61.25714286,0,2020,12,52,0,103,545
179,Choice Export,12.77142857,7.814285714,74.78571429,0,2021,1,1,0,2547,2127
180,Choice Export,16.14285714,2.585714286,44.02857143,0,2021,1,2,0,0,-24
181,Choice Export,15.41428571,7.885714286,63.78571429,2,2021,1,3,0,2001,1451
182,Choice Export,12.51428571,5.171428571,62.7,4.493428571,2021,1,4,0,670,-910
183,Choice Export,14.78571429,9.714285714,72.75714286,0,2021,2,5,0,2831,2461
184,Choice Export,14.41428571,8.971428571,70.4,0.152571429,2021,2,6,0,2052,3030
185,Choice Export,14.48571429,5.885714286,60.45714286,0.223428571,2021,2,7,0,1051,880
186,Choice Export,15.44285714,5.057142857,55.05714286,0,2021,2,8,0,1178,2032
187,Choice Export,14.64285714,6.3,62.14285714,2.315142857,2021,3,9,0,389,2461
188,Choice Export,13.77142857,7.028571429,64.34285714,2.34,2021,3,10,0,3300,2870
189,Choice Export,13.8,7.557142857,66.8,0.628857143,2021,3,11,0,2344,2783
190,Choice Export,15.28571429,7.714285714,62.57142857,0.224714286,2021,3,12,0,1045,2135
191,Choice Export,17.84285714,8.428571429,61.21428571,0,2021,4,13,0,4423,10448
192,Choice Export,16.81428571,11.5,71.22857143,0,2021,4,14,0,5544,5235
193,Choice Export,16.5,8.985714286,62.18571429,0,2021,4,15,0,5389,5231
194,Choice Export,16.48571429,9.657142857,64.82857143,0.06,2021,4,16,0,2182,3198
195,Choice Export,17.65714286,10.01428571,62.48571429,0.214714286,2021,5,17,0,7126,6675
196,Choice Export,17.62857143,11.77142857,68.95714286,0,2021,5,18,0,1072,2788
197,Choice Export,17.55714286,11.57142857,68.11428571,0.16,2021,5,19,0,0,2864
198,Choice Export,17.04285714,10.67142857,66.44285714,0.07,2021,5,20,0,0,423
199,Choice Export,17.84285714,12.08571429,69.32857143,0,2021,5,21,0,0,1334
200,Choice Export,18.08571429,12.75714286,71.25714286,0,2021,6,22,0,790,1069
201,Choice Export,18.81428571,12.41428571,67.01,0,2021,6,23,0,0,509
202,Choice Export,19.98571429,15.48571429,75.88571429,0,2021,6,24,0,0,730
203,Choice Export,20.07142857,14.87142857,72.25714286,0.05,2021,6,25,0,0,441
204,Choice Export,20.24285714,15.75714286,75.72857143,0,2021,7,26,0,0,803
205,Choice Export,21.38571429,16.05714286,71.95714286,0,2021,7,27,0,0,876
206,Choice Export,22.58571429,16.87142857,70.45714286,0,2021,7,28,0,0,1031
207,Choice Export,22.84285714,17.3,71.32857143,0,2021,7,29,0,0,850
208,Choice Export,21.87142857,17.3,75.87142857,0,2021,8,30,0,0,695
209,Choice Export,21.01428571,16.11428571,74.21428571,0,2021,8,31,0,0,735
210,Choice Export,23.52857143,17.9,71.67142857,0.670142857,2021,8,32,0,0,-80
211,Choice Export,22.9,16.97142857,69.42857143,0,2021,8,33,0,0,-209
212,Choice Export,22.58571429,17.41428571,73.12857143,0,2021,8,34,0,0,-236
213,Choice Export,22.32857143,16.32857143,69.54285714,0,2021,9,35,0,0,-223
214,Choice Export,23.5,18.37142857,73.62857143,0,2021,9,36,0,0,-237
215,Choice Export,20.82857143,14.91428571,69.24285714,0,2021,9,37,0,0,-292
216,Choice Export,21.71428571,16.27142857,71.97142857,1.47,2021,9,38,0,0,-204
217,Choice Export,21.37142857,12.55714286,60.87142857,0,2021,10,39,0,0,-67
218,Choice Export,20.5,14.74285714,70.88571429,2.802142857,2021,10,40,0,0,-307
219,Choice Export,18.67142857,7.3,51.57142857,0,2021,10,41,0,0,-245
220,Choice Export,17.37142857,11.67142857,69.92857143,0,2021,10,42,0,0,378
221,Choice Export,18.28571429,11.87142857,68.14285714,0.729285714,2021,10,43,0,0,158
222,Choice Export,16.97142857,12.97142857,77.55714286,0,2021,11,44,0,2000,1532
223,Choice Export,19.47142857,9.742857143,57.85714286,0,2021,11,45,0,1963,2039
224,Choice Export,16.9,11.25714286,71.67142857,0,2021,11,46,0,0,122
225,Choice Export,16.21428571,4.6,53.18571429,0,2021,11,47,0,0,-556
226,Choice Export,14.75714286,11.14285714,80.05714286,0,2021,12,48,0,217,426
227,Choice Export,13.6,8.914285714,74.98571429,0.389571429,2021,12,49,0,528,566
228,Choice Export,12.1,6.642857143,71.05714286,3.782142857,2021,12,50,0,0,-1768
229,Choice Export,13.57142857,9.228571429,76.17142857,3.994142857,2021,12,51,0,0,-780
230,Choice Export,13.24285714,7.814285714,70.8,1.480428571,2022,1,52,0,227,-113
231,Choice Export,11.92857143,7.757142857,76.94285714,0.01,2022,1,1,0,973,1808
232,Choice Export,15.42857143,6.1,57.11428571,0.122142857,2022,1,2,0,420,1156
233,Choice Export,14.37142857,9.128571429,73.47142857,0.455571429,2022,1,3,0,1296,3378
234,Choice Export,13.37142857,5.114285714,62.04285714,0,2022,1,4,0,4144,4221
235,Choice Export,12.65714286,2.757142857,55.78571429,0,2022,2,5,0,1565,1777
236,Choice Export,17.7,0.857142857,36.1,0,2022,2,6,0,1245,2104
237,Choice Export,13.55714286,6.485714286,65.47142857,0.670428571,2022,2,7,0,1917,1830
238,Choice Export,12.34285714,3.314285714,56.35714286,1.430142857,2022,2,8,0,3969,2182
239,Choice Export,14.65714286,5.928571429,60.74285714,2.093,2022,3,9,0,4893,4505
240,Choice Export,13.95714286,5.985714286,61.82857143,0,2022,3,10,0,1101,143
241,Choice Export,15.78571429,11.11428571,75.44285714,1.046571429,2022,3,11,0,954,1006
242,Choice Export,16.94285714,10.22857143,68.17142857,0,2022,3,12,0,433,1076
243,Choice Export,15.48571429,11.44285714,77.31428571,2.340142857,2022,4,13,0,337,-224
244,Choice Export,18.51428571,10.61428571,67.34285714,0,2022,4,14,0,657,-699
245,Choice Export,15.67142857,9.057142857,66.08571429,0,2022,4,15,0,516,830
246,Choice Export,16.47142857,10.4,69.17142857,0.08,2022,4,16,0,0,-1782
247,Choice Export,16.81428571,10.01428571,66.72857143,0,2022,5,17,0,0,-1119
248,Choice Export,16.41428571,11.85714286,74.88571429,0,2022,5,18,0,0,-1055
249,Choice Export,17.28571429,8.371428571,58.37142857,0,2022,5,19,0,0,-1268
250,Choice Export,16.24285714,12.1,76.85714286,0.101571429,2022,5,20,0,0,-122
251,Choice Export,16.65714286,12.24285714,75.55714286,0,2022,5,21,0,0,215
252,Choice Export,17.4,13.08571429,75.97142857,0,2022,6,22,0,0,-356
253,Choice Export,18.04285714,15.3,84.45714286,0,2022,6,23,0,0,245
254,Choice Export,18,13.6,75.92857143,0,2022,6,24,0,0,-567
255,Choice Export,20.24285714,15.98571429,77.38571429,0,2022,6,25,0,0,-485
256,Choice Export,20.44285714,16.3,77.75714286,0,2022,7,26,0,0,-484
257,Choice Export,19.74285714,15.57142857,77.25714286,0,2022,7,27,0,0,-385
258,Choice Export,18.95714286,15.82857143,82.44285714,0,2022,7,28,0,0,-298
259,Choice Export,20.92857143,16.68571429,77.31428571,0,2022,7,29,0,0,-264
260,Choice Export,21.5,16.68571429,74.4,0,2022,7,30,0,0,-374
261,Choice Export,22.75714286,18.24285714,76.28571429,0,2022,8,31,0,0,-370
262,Choice Export,23.74285714,18.8,74.71428571,0,2022,8,32,0,0,-254
263,Choice Export,22.62857143,18.05714286,75.7,0,2022,8,33,0,0,-214
264,Choice Export,22.55714286,17.72857143,74.62857143,0,2022,8,34,0,0,-147
265,Choice Export,25.7,18.71428571,66.84285714,0,2022,9,35,0,0,-424
266,Choice Export,25.81428571,20.25714286,72.97142857,1.449714286,2022,9,36,0,0,-243
267,Choice Export,21.97142857,16.6,71.94285714,0,2022,9,37,0,0,-244
268,Choice Export,22.4,16.85714286,71.84285714,0,2022,9,38,0,0,-162
269,Choice Export,21.48571429,17.14285714,76.92857143,0,2022,10,39,0,0,-214
270,Choice Export,20.51428571,16.92857143,80.25714286,0,2022,10,40,0,0,-74
271,Choice Export,20.17142857,15.82857143,76.57142857,0.160142857,2022,10,41,0,0,-254
272,Choice Export,20.81428571,14.15714286,68.24285714,0.107857143,2022,10,42,0,0,19
273,Choice Export,18.01428571,11.64285714,68.48571429,0,2022,10,43,0,0,-124
274,Choice Export,16.4,8.928571429,63.25714286,0.182571429,2022,11,44,0,0,-142
275,Choice Export,14.77142857,8.9,69.8,2.425285714,2022,11,45,0,0,222
276,Choice Export,14.45714286,4.8,57.24285714,0,2022,11,46,0,1341,544
277,Choice Export,14.7,3.014285714,51.24285714,0,2022,11,47,0,0,396
278,Choice Export,14.65714286,8.971428571,69.94285714,0.01,2022,12,48,0,3201,3521
279,Choice Export,13.04285714,8.114285714,72.9,1.583285714,2022,12,49,0,312,1292
280,Choice Export,11.55714286,4.785714286,66.02857143,1.570142857,2022,12,50,0,1823,1845
281,Choice Export,12.91428571,6.542857143,68.81428571,0,2022,12,51,0,0,1267
282,Choice Export,15.14285714,10.7,76.67142857,3.93,2023,1,52,0,0,2027
283,Choice Export,15.14285714,10.7,76.67142857,3.93,2023,1,52,0,0,870
284,Choice Export,14.15714286,11.71428571,85.98571429,0.793857143,2023,12,52,0,0,2027
285,Choice Export,14.15714286,11.71428571,85.98571429,0.793857143,2023,12,52,0,0,870
286,Choice Export,14.25714286,9.9,76.54285714,1.888142857,2023,1,1,0,2750,3328
287,Choice Export,14.07142857,9.471428571,75.95714286,6.243714286,2023,1,2,0,1373,1602
288,Choice Export,11.95714286,6.514285714,70.47142857,4.116571429,2023,1,3,0,1152,1243
289,Choice Export,12.88571429,2.314285714,53.21428571,0,2023,1,4,0,7547,7023
290,Choice Export,12.51428571,5.785714286,66.17142857,1.239142857,2023,2,5,0,4649,4910
291,Choice Export,14.07142857,2.971428571,51.45714286,1.157142857,2023,2,6,0,2741,4858
292,Choice Export,12.35714286,1.8,52.77142857,0.480857143,2023,2,7,0,743,3171
293,Choice Export,12.27142857,5.914285714,66.17142857,4.105428571,2023,2,8,0,5565,5219
294,Choice Export,11.9,5.357142857,65.21428571,1.009428571,2023,3,9,0,1088,309
295,Choice Export,13.64285714,9,74.62857143,2.113428571,2023,3,10,0,7531,8189
296,Choice Export,14.82857143,10.3,75.9,4.279714286,2023,3,11,0,5135,5146
297,Choice Export,13.88571429,8.171428571,69.51428571,3.834285714,2023,3,12,0,2983,2933
298,Choice Export,13.74285714,7.357142857,67.27142857,1.273857143,2023,4,13,0,6696,7723
299,Choice Export,14.08571429,6.342857143,62.48571429,0,2023,4,14,0,4745,6610
300,Choice Export,14.22857143,10.32857143,78.11428571,0.269428571,2023,4,15,0,3792,3160
301,Choice Export,16.74285714,9.728571429,66.1,0.101571429,2023,4,16,0,802,2680
302,Choice Export,16.21428571,12.14285714,77.04285714,0,2023,4,17,0,76,1154
303,Choice Export,16,9.471428571,65.88571429,0.374428571,2023,5,18,0,298,-245
304,Choice Export,16.41428571,11.71428571,74.11428571,0,2023,5,19,0,0,-517
305,Choice Export,16.75714286,13.41428571,80.81428571,0,2023,5,20,0,0,65
306,Choice Export,16.72857143,12.01428571,74.18571429,0,2023,5,21,0,0,-606
307,Choice Export,17.2,12.32857143,73.51428571,0,2023,6,22,0,0,511
308,Choice Export,17.54285714,12.51428571,72.94285714,0.11,2023,6,23,0,0,325
309,Choice Export,18.17142857,14.14285714,77.61428571,0,2023,6,24,0,0,910
310,Choice Export,18.34285714,12.95714286,71.7,0,2023,6,25,0,0,723
311,Choice Export,18.7,14.24285714,75.75714286,0,2023,7,26,0,0,698
312,Choice Export,18.54285714,14.22857143,76.5,0,2023,7,27,0,0,63
313,Choice Export,21.05714286,16.82857143,77.85714286,0,2023,7,28,0,0,-272
314,Choice Export,21.22857143,17.85714286,81.71428571,0,2023,7,29,0,0,-181
315,Choice Export,22.01428571,18.7,82.2,0,2023,7,30,0,0,-191
316,Choice Export,21.78571429,17.88571429,79.01428571,0,2023,8,31,0,0,-190
317,Choice Export,22.01428571,17.84285714,77.74285714,0,2023,8,32,0,0,-119
318,Choice Export,21.24285714,18.22857143,83.3,6.463142857,2023,8,33,0,0,-17
319,Choice Export,21.11428571,17.52857143,80.61428571,0.08,2023,8,34,0,0,-248
320,Choice Export,22.52857143,18.81428571,80.35714286,0.05,2023,9,35,0,0,-101
321,Choice Export,22.54285714,17.51428571,73.95714286,0,2023,9,36,0,0,-111
322,Choice Export,21.55714286,17.01428571,75.7,0,2023,9,37,0,0,-80
323,Choice Export,20.27142857,15.58571429,74.82857143,0.143714286,2023,9,38,0,0,-113
324,Choice Export,19.5,14.98571429,75.82857143,0.01,2023,10,39,0,0,-119
325,Choice Export,20.12857143,15.64285714,76.84285714,0,2023,10,40,0,0,-180
326,Choice Export,19.57142857,15.78571429,79.51428571,0.03,2023,10,41,0,0,-127
327,Choice Export,19.81428571,16.74285714,83.31428571,0,2023,10,42,0,0,-489
328,Choice Export,18.32857143,13.44285714,74.95714286,0.02,2023,10,43,0,0,255
329,Choice Export,17.32857143,3.9,46.9,0,2023,11,44,0,633,355
330,Choice Export,16.52857143,7.657142857,60.65714286,0,2023,11,45,0,2551,2751
331,Choice Export,17.2,11.77142857,73.37142857,0.753571429,2023,11,46,0,2678,2296
332,Choice Export,16.11428571,6.928571429,58.04285714,0.04,2023,11,47,0,1092,1517
333,Choice Export,14.32857143,8.185714286,69.5,1.01,2023,12,48,0,2487,1836
334,Choice Export,14.88571429,7.971428571,68.3,0,2023,12,49,0,1828,2260
335,Choice Export,14.77142857,6.214285714,60.2,0,2023,12,50,0,2622,2630
336,Choice Export,16.17142857,11.92857143,77.37142857,1.376428571,2023,12,51,0,1682,1356
337,Choice Export,12.93333333,9.066666667,78.5,1.248333333,2024,1,1,0,0,-1113
338,Fancy Domestic,19.03333333,7.016666667,48.75,0.424166667,2020,10,43,0,45463,44217
339,Fancy Domestic,18.74285714,8.385714286,55.47142857,0.28,2020,11,44,0,68516,60357
340,Fancy Domestic,18.78571429,12.24285714,67.85714286,1.072142857,2020,11,45,0,38572,41238
341,Fancy Domestic,15.32857143,6.757142857,59,0.01,2020,11,46,0,41621,43958
342,Fancy Domestic,16.62857143,10.42857143,69.57142857,0,2020,11,47,0,67394,61429
343,Fancy Domestic,15.1,6,59.07142857,0,2020,11,48,0,27343,31790
344,Fancy Domestic,14.35714286,0.928571429,43.84285714,0,2020,12,49,0,10001,18165
345,Fancy Domestic,14.65714286,6.628571429,61.88571429,0,2020,12,50,0,46620,48262
346,Fancy Domestic,13.82857143,6.128571429,63.67142857,0.1,2020,12,51,0,46703,47023
347,Fancy Domestic,14.6,6.2,61.25714286,0,2020,12,52,0,42852,44771
348,Fancy Domestic,12.77142857,7.814285714,74.78571429,0,2021,1,1,0,38985,41327
349,Fancy Domestic,16.14285714,2.585714286,44.02857143,0,2021,1,2,0,53401,51502
350,Fancy Domestic,15.41428571,7.885714286,63.78571429,2,2021,1,3,0,39737,40228
351,Fancy Domestic,12.51428571,5.171428571,62.7,4.493428571,2021,1,4,0,48998,45964
352,Fancy Domestic,14.78571429,9.714285714,72.75714286,0,2021,2,5,0,51687,51707
353,Fancy Domestic,14.41428571,8.971428571,70.4,0.152571429,2021,2,6,0,38235,43931
354,Fancy Domestic,14.48571429,5.885714286,60.45714286,0.223428571,2021,2,7,0,40441,43193
355,Fancy Domestic,15.44285714,5.057142857,55.05714286,0,2021,2,8,0,56007,55607
356,Fancy Domestic,14.64285714,6.3,62.14285714,2.315142857,2021,3,9,0,43619,45141
357,Fancy Domestic,13.77142857,7.028571429,64.34285714,2.34,2021,3,10,0,37397,38658
358,Fancy Domestic,13.8,7.557142857,66.8,0.628857143,2021,3,11,0,33169,36537
359,Fancy Domestic,15.28571429,7.714285714,62.57142857,0.224714286,2021,3,12,0,30577,36031
360,Fancy Domestic,17.84285714,8.428571429,61.21428571,0,2021,4,13,0,175011,143544
361,Fancy Domestic,16.81428571,11.5,71.22857143,0,2021,4,14,0,52014,56990
362,Fancy Domestic,16.5,8.985714286,62.18571429,0,2021,4,15,0,83722,76338
363,Fancy Domestic,16.48571429,9.657142857,64.82857143,0.06,2021,4,16,0,85075,76656
364,Fancy Domestic,17.65714286,10.01428571,62.48571429,0.214714286,2021,5,17,0,34368,41256
365,Fancy Domestic,17.62857143,11.77142857,68.95714286,0,2021,5,18,0,119156,103524
366,Fancy Domestic,17.55714286,11.57142857,68.11428571,0.16,2021,5,19,0,108262,95529
367,Fancy Domestic,17.04285714,10.67142857,66.44285714,0.07,2021,5,20,0,55058,53207
368,Fancy Domestic,17.84285714,12.08571429,69.32857143,0,2021,5,21,0,41996,43735
369,Fancy Domestic,18.08571429,12.75714286,71.25714286,0,2021,6,22,0,43982,45352
370,Fancy Domestic,18.81428571,12.41428571,67.01,0,2021,6,23,0,34430,37196
371,Fancy Domestic,19.98571429,15.48571429,75.88571429,0,2021,6,24,0,76652,66532
372,Fancy Domestic,20.07142857,14.87142857,72.25714286,0.05,2021,6,25,0,54262,52891
373,Fancy Domestic,20.24285714,15.75714286,75.72857143,0,2021,7,26,0,48728,47749
374,Fancy Domestic,21.38571429,16.05714286,71.95714286,0,2021,7,27,0,57158,49408
375,Fancy Domestic,22.58571429,16.87142857,70.45714286,0,2021,7,28,0,51000,44016
376,Fancy Domestic,22.84285714,17.3,71.32857143,0,2021,7,29,0,33606,30498
377,Fancy Domestic,21.87142857,17.3,75.87142857,0,2021,8,30,0,16542,15809
378,Fancy Domestic,21.01428571,16.11428571,74.21428571,0,2021,8,31,0,28531,25215
379,Fancy Domestic,23.52857143,17.9,71.67142857,0.670142857,2021,8,32,0,4346,4897
380,Fancy Domestic,22.9,16.97142857,69.42857143,0,2021,8,33,0,0,1964
381,Fancy Domestic,22.58571429,17.41428571,73.12857143,0,2021,8,34,0,0,1866
382,Fancy Domestic,22.32857143,16.32857143,69.54285714,0,2021,9,35,0,0,1707
383,Fancy Domestic,23.5,18.37142857,73.62857143,0,2021,9,36,0,0,1580
384,Fancy Domestic,20.82857143,14.91428571,69.24285714,0,2021,9,37,0,0,1661
385,Fancy Domestic,21.71428571,16.27142857,71.97142857,1.47,2021,9,38,0,0,1023
386,Fancy Domestic,21.37142857,12.55714286,60.87142857,0,2021,10,39,0,0,1946
387,Fancy Domestic,20.5,14.74285714,70.88571429,2.802142857,2021,10,40,0,0,1025
388,Fancy Domestic,18.67142857,7.3,51.57142857,0,2021,10,41,0,3157,4964
389,Fancy Domestic,17.37142857,11.67142857,69.92857143,0,2021,10,42,0,61126,57863
390,Fancy Domestic,18.28571429,11.87142857,68.14285714,0.729285714,2021,10,43,0,46913,47449
391,Fancy Domestic,16.97142857,12.97142857,77.55714286,0,2021,11,44,0,40385,41078
392,Fancy Domestic,19.47142857,9.742857143,57.85714286,0,2021,11,45,0,53311,52873
393,Fancy Domestic,16.9,11.25714286,71.67142857,0,2021,11,46,0,75600,71320
394,Fancy Domestic,16.21428571,4.6,53.18571429,0,2021,11,47,0,18156,27417
395,Fancy Domestic,14.75714286,11.14285714,80.05714286,0,2021,12,48,0,43144,42649
396,Fancy Domestic,13.6,8.914285714,74.98571429,0.389571429,2021,12,49,0,39327,41589
397,Fancy Domestic,12.1,6.642857143,71.05714286,3.782142857,2021,12,50,0,33133,34946
398,Fancy Domestic,13.57142857,9.228571429,76.17142857,3.994142857,2021,12,51,0,40584,41731
399,Fancy Domestic,13.24285714,7.814285714,70.8,1.480428571,2022,1,52,0,44933,45763
400,Fancy Domestic,11.92857143,7.757142857,76.94285714,0.01,2022,1,1,0,41012,41693
401,Fancy Domestic,15.42857143,6.1,57.11428571,0.122142857,2022,1,2,0,59398,56134
402,Fancy Domestic,14.37142857,9.128571429,73.47142857,0.455571429,2022,1,3,0,31542,36660
403,Fancy Domestic,13.37142857,5.114285714,62.04285714,0,2022,1,4,0,59198,57144
404,Fancy Domestic,12.65714286,2.757142857,55.78571429,0,2022,2,5,0,55082,53707
405,Fancy Domestic,17.7,0.857142857,36.1,0,2022,2,6,0,28114,35591
406,Fancy Domestic,13.55714286,6.485714286,65.47142857,0.670428571,2022,2,7,0,30605,34140
407,Fancy Domestic,12.34285714,3.314285714,56.35714286,1.430142857,2022,2,8,0,39282,41187
408,Fancy Domestic,14.65714286,5.928571429,60.74285714,2.093,2022,3,9,0,51376,48954
409,Fancy Domestic,13.95714286,5.985714286,61.82857143,0,2022,3,10,0,42969,41854
410,Fancy Domestic,15.78571429,11.11428571,75.44285714,1.046571429,2022,3,11,0,52606,47311
411,Fancy Domestic,16.94285714,10.22857143,68.17142857,0,2022,3,12,0,45601,46879
412,Fancy Domestic,15.48571429,11.44285714,77.31428571,2.340142857,2022,4,13,0,25994,30261
413,Fancy Domestic,18.51428571,10.61428571,67.34285714,0,2022,4,14,0,10887,23707
414,Fancy Domestic,15.67142857,9.057142857,66.08571429,0,2022,4,15,0,49038,47542
415,Fancy Domestic,16.47142857,10.4,69.17142857,0.08,2022,4,16,0,26928,30255
416,Fancy Domestic,16.81428571,10.01428571,66.72857143,0,2022,5,17,0,16663,23874
417,Fancy Domestic,16.41428571,11.85714286,74.88571429,0,2022,5,18,0,20150,25922
418,Fancy Domestic,17.28571429,8.371428571,58.37142857,0,2022,5,19,0,22191,29748
419,Fancy Domestic,16.24285714,12.1,76.85714286,0.101571429,2022,5,20,0,34864,34984
420,Fancy Domestic,16.65714286,12.24285714,75.55714286,0,2022,5,21,0,47851,40931
421,Fancy Domestic,17.4,13.08571429,75.97142857,0,2022,6,22,0,21256,23755
422,Fancy Domestic,18.04285714,15.3,84.45714286,0,2022,6,23,0,30315,26679
423,Fancy Domestic,18,13.6,75.92857143,0,2022,6,24,0,9122,16511
424,Fancy Domestic,20.24285714,15.98571429,77.38571429,0,2022,6,25,0,928,6932
425,Fancy Domestic,20.44285714,16.3,77.75714286,0,2022,7,26,0,454,5444
426,Fancy Domestic,19.74285714,15.57142857,77.25714286,0,2022,7,27,0,0,2056
427,Fancy Domestic,18.95714286,15.82857143,82.44285714,0,2022,7,28,0,0,895
428,Fancy Domestic,20.92857143,16.68571429,77.31428571,0,2022,7,29,0,0,293
429,Fancy Domestic,21.5,16.68571429,74.4,0,2022,7,30,0,0,1503
430,Fancy Domestic,22.75714286,18.24285714,76.28571429,0,2022,8,31,0,0,1206
431,Fancy Domestic,23.74285714,18.8,74.71428571,0,2022,8,32,0,0,61
432,Fancy Domestic,22.62857143,18.05714286,75.7,0,2022,8,33,0,0,128
433,Fancy Domestic,22.55714286,17.72857143,74.62857143,0,2022,8,34,0,0,-285
434,Fancy Domestic,25.7,18.71428571,66.84285714,0,2022,9,35,0,0,-208
435,Fancy Domestic,25.81428571,20.25714286,72.97142857,1.449714286,2022,9,36,0,0,-289
436,Fancy Domestic,21.97142857,16.6,71.94285714,0,2022,9,37,0,0,162
437,Fancy Domestic,22.4,16.85714286,71.84285714,0,2022,9,38,0,0,273
438,Fancy Domestic,21.48571429,17.14285714,76.92857143,0,2022,10,39,0,0,-506
439,Fancy Domestic,20.51428571,16.92857143,80.25714286,0,2022,10,40,0,0,-1027
440,Fancy Domestic,20.17142857,15.82857143,76.57142857,0.160142857,2022,10,41,0,0,-240
441,Fancy Domestic,20.81428571,14.15714286,68.24285714,0.107857143,2022,10,42,0,41413,39521
442,Fancy Domestic,18.01428571,11.64285714,68.48571429,0,2022,10,43,0,47709,47159
443,Fancy Domestic,16.4,8.928571429,63.25714286,0.182571429,2022,11,44,0,54249,50955
444,Fancy Domestic,14.77142857,8.9,69.8,2.425285714,2022,11,45,0,47303,48071
445,Fancy Domestic,14.45714286,4.8,57.24285714,0,2022,11,46,0,45276,46099
446,Fancy Domestic,14.7,3.014285714,51.24285714,0,2022,11,47,0,53038,49385
447,Fancy Domestic,14.65714286,8.971428571,69.94285714,0.01,2022,12,48,0,89067,78548
448,Fancy Domestic,13.04285714,8.114285714,72.9,1.583285714,2022,12,49,0,72145,66312
449,Fancy Domestic,11.55714286,4.785714286,66.02857143,1.570142857,2022,12,50,0,63992,59217
450,Fancy Domestic,12.91428571,6.542857143,68.81428571,0,2022,12,51,0,87060,78230
451,Fancy Domestic,15.14285714,10.7,76.67142857,3.93,2023,1,52,0,54191,52578
452,Fancy Domestic,15.14285714,10.7,76.67142857,3.93,2023,1,52,0,54191,39518
453,Fancy Domestic,14.15714286,11.71428571,85.98571429,0.793857143,2023,12,52,0,54191,52578
454,Fancy Domestic,14.15714286,11.71428571,85.98571429,0.793857143,2023,12,52,0,54191,39518
455,Fancy Domestic,14.25714286,9.9,76.54285714,1.888142857,2023,1,1,0,51273,47950
456,Fancy Domestic,14.07142857,9.471428571,75.95714286,6.243714286,2023,1,2,0,45446,43981
457,Fancy Domestic,11.95714286,6.514285714,70.47142857,4.116571429,2023,1,3,0,34778,34359
458,Fancy Domestic,12.88571429,2.314285714,53.21428571,0,2023,1,4,0,60410,59783
459,Fancy Domestic,12.51428571,5.785714286,66.17142857,1.239142857,2023,2,5,0,44919,45858
460,Fancy Domestic,14.07142857,2.971428571,51.45714286,1.157142857,2023,2,6,0,50756,53589
461,Fancy Domestic,12.35714286,1.8,52.77142857,0.480857143,2023,2,7,0,71798,65375
462,Fancy Domestic,12.27142857,5.914285714,66.17142857,4.105428571,2023,2,8,0,36726,39486
463,Fancy Domestic,11.9,5.357142857,65.21428571,1.009428571,2023,3,9,0,24684,27975
464,Fancy Domestic,13.64285714,9,74.62857143,2.113428571,2023,3,10,0,46601,46294
465,Fancy Domestic,14.82857143,10.3,75.9,4.279714286,2023,3,11,0,40870,42772
466,Fancy Domestic,13.88571429,8.171428571,69.51428571,3.834285714,2023,3,12,0,18428,25495
467,Fancy Domestic,13.74285714,7.357142857,67.27142857,1.273857143,2023,4,13,0,50815,59749
468,Fancy Domestic,14.08571429,6.342857143,62.48571429,0,2023,4,14,0,67691,65117
469,Fancy Domestic,14.22857143,10.32857143,78.11428571,0.269428571,2023,4,15,0,36155,38276
470,Fancy Domestic,16.74285714,9.728571429,66.1,0.101571429,2023,4,16,0,61722,60888
471,Fancy Domestic,16.21428571,12.14285714,77.04285714,0,2023,4,17,0,50247,46307
472,Fancy Domestic,16,9.471428571,65.88571429,0.374428571,2023,5,18,0,31251,34482
473,Fancy Domestic,16.41428571,11.71428571,74.11428571,0,2023,5,19,0,22617,29560
474,Fancy Domestic,16.75714286,13.41428571,80.81428571,0,2023,5,20,0,30879,30143
475,Fancy Domestic,16.72857143,12.01428571,74.18571429,0,2023,5,21,0,8272,18864
476,Fancy Domestic,17.2,12.32857143,73.51428571,0,2023,6,22,0,41161,39592
477,Fancy Domestic,17.54285714,12.51428571,72.94285714,0.11,2023,6,23,0,30179,31903
478,Fancy Domestic,18.17142857,14.14285714,77.61428571,0,2023,6,24,0,36101,34128
479,Fancy Domestic,18.34285714,12.95714286,71.7,0,2023,6,25,0,32373,34307
480,Fancy Domestic,18.7,14.24285714,75.75714286,0,2023,7,26,0,40029,37908
481,Fancy Domestic,18.54285714,14.22857143,76.5,0,2023,7,27,0,3811,7308
482,Fancy Domestic,21.05714286,16.82857143,77.85714286,0,2023,7,28,0,0,1518
483,Fancy Domestic,21.22857143,17.85714286,81.71428571,0,2023,7,29,0,0,790
484,Fancy Domestic,22.01428571,18.7,82.2,0,2023,7,30,0,0,71
485,Fancy Domestic,21.78571429,17.88571429,79.01428571,0,2023,8,31,0,0,749
486,Fancy Domestic,22.01428571,17.84285714,77.74285714,0,2023,8,32,0,0,-388
487,Fancy Domestic,21.24285714,18.22857143,83.3,6.463142857,2023,8,33,0,0,-555
488,Fancy Domestic,21.11428571,17.52857143,80.61428571,0.08,2023,8,34,0,0,-612
489,Fancy Domestic,22.52857143,18.81428571,80.35714286,0.05,2023,9,35,0,0,-695
490,Fancy Domestic,22.54285714,17.51428571,73.95714286,0,2023,9,36,0,0,91
491,Fancy Domestic,21.55714286,17.01428571,75.7,0,2023,9,37,0,0,434
492,Fancy Domestic,20.27142857,15.58571429,74.82857143,0.143714286,2023,9,38,0,0,99
493,Fancy Domestic,19.5,14.98571429,75.82857143,0.01,2023,10,39,0,0,818
494,Fancy Domestic,20.12857143,15.64285714,76.84285714,0,2023,10,40,0,0,-124
495,Fancy Domestic,19.57142857,15.78571429,79.51428571,0.03,2023,10,41,0,0,-343
496,Fancy Domestic,19.81428571,16.74285714,83.31428571,0,2023,10,42,0,0,5062
497,Fancy Domestic,18.32857143,13.44285714,74.95714286,0.02,2023,10,43,0,35661,34699
498,Fancy Domestic,17.32857143,3.9,46.9,0,2023,11,44,0,45058,44190
499,Fancy Domestic,16.52857143,7.657142857,60.65714286,0,2023,11,45,0,50765,49858
500,Fancy Domestic,17.2,11.77142857,73.37142857,0.753571429,2023,11,46,0,74111,68810
501,Fancy Domestic,16.11428571,6.928571429,58.04285714,0.04,2023,11,47,0,46123,45894
502,Fancy Domestic,14.32857143,8.185714286,69.5,1.01,2023,12,48,0,30510,37519
503,Fancy Domestic,14.88571429,7.971428571,68.3,0,2023,12,49,0,57359,55963
504,Fancy Domestic,14.77142857,6.214285714,60.2,0,2023,12,50,0,94575,79325
505,Fancy Domestic,16.17142857,11.92857143,77.37142857,1.376428571,2023,12,51,0,35790,36932
506,Fancy Domestic,12.93333333,9.066666667,78.5,1.248333333,2024,1,1,0,16229,21003
507,Fancy Export,19.03333333,7.016666667,48.75,0.424166667,2020,10,43,0,0,700
508,Fancy Export,18.74285714,8.385714286,55.47142857,0.28,2020,11,44,0,0,2270
509,Fancy Export,18.78571429,12.24285714,67.85714286,1.072142857,2020,11,45,0,10223,10432
510,Fancy Export,15.32857143,6.757142857,59,0.01,2020,11,46,0,10133,13549
511,Fancy Export,16.62857143,10.42857143,69.57142857,0,2020,11,47,0,11787,11061
512,Fancy Export,15.1,6,59.07142857,0,2020,11,48,0,1366,3187
513,Fancy Export,14.35714286,0.928571429,43.84285714,0,2020,12,49,0,3021,5627
514,Fancy Export,14.65714286,6.628571429,61.88571429,0,2020,12,50,0,27896,27216
515,Fancy Export,13.82857143,6.128571429,63.67142857,0.1,2020,12,51,0,24416,23397
516,Fancy Export,14.6,6.2,61.25714286,0,2020,12,52,0,30558,26093
517,Fancy Export,12.77142857,7.814285714,74.78571429,0,2021,1,1,0,29311,25000
518,Fancy Export,16.14285714,2.585714286,44.02857143,0,2021,1,2,0,29436,30370
519,Fancy Export,15.41428571,7.885714286,63.78571429,2,2021,1,3,0,33427,37882
520,Fancy Export,12.51428571,5.171428571,62.7,4.493428571,2021,1,4,0,22692,34541
521,Fancy Export,14.78571429,9.714285714,72.75714286,0,2021,2,5,0,54510,57661
522,Fancy Export,14.41428571,8.971428571,70.4,0.152571429,2021,2,6,0,77554,73870
523,Fancy Export,14.48571429,5.885714286,60.45714286,0.223428571,2021,2,7,0,41651,49010
524,Fancy Export,15.44285714,5.057142857,55.05714286,0,2021,2,8,0,81133,74066
525,Fancy Export,14.64285714,6.3,62.14285714,2.315142857,2021,3,9,0,62930,59076
526,Fancy Export,13.77142857,7.028571429,64.34285714,2.34,2021,3,10,0,59877,58490
527,Fancy Export,13.8,7.557142857,66.8,0.628857143,2021,3,11,0,67192,62996
528,Fancy Export,15.28571429,7.714285714,62.57142857,0.224714286,2021,3,12,0,55853,50438
529,Fancy Export,17.84285714,8.428571429,61.21428571,0,2021,4,13,0,93312,94148
530,Fancy Export,16.81428571,11.5,71.22857143,0,2021,4,14,0,81545,73696
531,Fancy Export,16.5,8.985714286,62.18571429,0,2021,4,15,0,27529,35810
532,Fancy Export,16.48571429,9.657142857,64.82857143,0.06,2021,4,16,0,37019,40262
533,Fancy Export,17.65714286,10.01428571,62.48571429,0.214714286,2021,5,17,0,36483,28094
534,Fancy Export,17.62857143,11.77142857,68.95714286,0,2021,5,18,0,3147,10190
535,Fancy Export,17.55714286,11.57142857,68.11428571,0.16,2021,5,19,0,0,7545
536,Fancy Export,17.04285714,10.67142857,66.44285714,0.07,2021,5,20,0,0,2067
537,Fancy Export,17.84285714,12.08571429,69.32857143,0,2021,5,21,0,3939,3772
538,Fancy Export,18.08571429,12.75714286,71.25714286,0,2021,6,22,0,3543,3812
539,Fancy Export,18.81428571,12.41428571,67.01,0,2021,6,23,0,2429,2307
540,Fancy Export,19.98571429,15.48571429,75.88571429,0,2021,6,24,0,0,2591
541,Fancy Export,20.07142857,14.87142857,72.25714286,0.05,2021,6,25,0,0,1084
542,Fancy Export,20.24285714,15.75714286,75.72857143,0,2021,7,26,0,0,1217
543,Fancy Export,21.38571429,16.05714286,71.95714286,0,2021,7,27,0,0,1005
544,Fancy Export,22.58571429,16.87142857,70.45714286,0,2021,7,28,0,0,1164
545,Fancy Export,22.84285714,17.3,71.32857143,0,2021,7,29,0,0,1077
546,Fancy Export,21.87142857,17.3,75.87142857,0,2021,8,30,0,0,983
547,Fancy Export,21.01428571,16.11428571,74.21428571,0,2021,8,31,0,0,1097
548,Fancy Export,23.52857143,17.9,71.67142857,0.670142857,2021,8,32,0,0,76
549,Fancy Export,22.9,16.97142857,69.42857143,0,2021,8,33,0,0,-371
550,Fancy Export,22.58571429,17.41428571,73.12857143,0,2021,8,34,0,0,-480
551,Fancy Export,22.32857143,16.32857143,69.54285714,0,2021,9,35,0,0,-303
552,Fancy Export,23.5,18.37142857,73.62857143,0,2021,9,36,0,0,-477
553,Fancy Export,20.82857143,14.91428571,69.24285714,0,2021,9,37,0,0,-346
554,Fancy Export,21.71428571,16.27142857,71.97142857,1.47,2021,9,38,0,0,-276
555,Fancy Export,21.37142857,12.55714286,60.87142857,0,2021,10,39,0,0,-114
556,Fancy Export,20.5,14.74285714,70.88571429,2.802142857,2021,10,40,0,0,-480
557,Fancy Export,18.67142857,7.3,51.57142857,0,2021,10,41,0,0,217
558,Fancy Export,17.37142857,11.67142857,69.92857143,0,2021,10,42,0,0,1382
559,Fancy Export,18.28571429,11.87142857,68.14285714,0.729285714,2021,10,43,0,0,1001
560,Fancy Export,16.97142857,12.97142857,77.55714286,0,2021,11,44,0,5528,5249
561,Fancy Export,19.47142857,9.742857143,57.85714286,0,2021,11,45,0,15937,14729
562,Fancy Export,16.9,11.25714286,71.67142857,0,2021,11,46,0,14041,16895
563,Fancy Export,16.21428571,4.6,53.18571429,0,2021,11,47,0,3243,4159
564,Fancy Export,14.75714286,11.14285714,80.05714286,0,2021,12,48,0,9185,9749
565,Fancy Export,13.6,8.914285714,74.98571429,0.389571429,2021,12,49,0,15239,15454
566,Fancy Export,12.1,6.642857143,71.05714286,3.782142857,2021,12,50,0,10864,15295
567,Fancy Export,13.57142857,9.228571429,76.17142857,3.994142857,2021,12,51,0,14091,16164
568,Fancy Export,13.24285714,7.814285714,70.8,1.480428571,2022,1,52,0,9836,13737
569,Fancy Export,11.92857143,7.757142857,76.94285714,0.01,2022,1,1,0,32851,28296
570,Fancy Export,15.42857143,6.1,57.11428571,0.122142857,2022,1,2,0,32839,30987
571,Fancy Export,14.37142857,9.128571429,73.47142857,0.455571429,2022,1,3,0,77722,66844
572,Fancy Export,13.37142857,5.114285714,62.04285714,0,2022,1,4,0,84457,77767
573,Fancy Export,12.65714286,2.757142857,55.78571429,0,2022,2,5,0,78352,74358
574,Fancy Export,17.7,0.857142857,36.1,0,2022,2,6,0,68824,67650
575,Fancy Export,13.55714286,6.485714286,65.47142857,0.670428571,2022,2,7,0,56143,56226
576,Fancy Export,12.34285714,3.314285714,56.35714286,1.430142857,2022,2,8,0,44733,49698
577,Fancy Export,14.65714286,5.928571429,60.74285714,2.093,2022,3,9,0,58074,54231
578,Fancy Export,13.95714286,5.985714286,61.82857143,0,2022,3,10,0,20970,30408
579,Fancy Export,15.78571429,11.11428571,75.44285714,1.046571429,2022,3,11,0,40116,41688
580,Fancy Export,16.94285714,10.22857143,68.17142857,0,2022,3,12,0,33923,33543
581,Fancy Export,15.48571429,11.44285714,77.31428571,2.340142857,2022,4,13,0,33543,37645
582,Fancy Export,18.51428571,10.61428571,67.34285714,0,2022,4,14,0,37836,41746
583,Fancy Export,15.67142857,9.057142857,66.08571429,0,2022,4,15,0,38237,36024
584,Fancy Export,16.47142857,10.4,69.17142857,0.08,2022,4,16,0,9092,16164
585,Fancy Export,16.81428571,10.01428571,66.72857143,0,2022,5,17,0,0,1041
586,Fancy Export,16.41428571,11.85714286,74.88571429,0,2022,5,18,0,0,292
587,Fancy Export,17.28571429,8.371428571,58.37142857,0,2022,5,19,0,0,609
588,Fancy Export,16.24285714,12.1,76.85714286,0.101571429,2022,5,20,0,0,535
589,Fancy Export,16.65714286,12.24285714,75.55714286,0,2022,5,21,0,0,332
590,Fancy Export,17.4,13.08571429,75.97142857,0,2022,6,22,0,0,55
591,Fancy Export,18.04285714,15.3,84.45714286,0,2022,6,23,0,0,-112
592,Fancy Export,18,13.6,75.92857143,0,2022,6,24,0,0,494
593,Fancy Export,20.24285714,15.98571429,77.38571429,0,2022,6,25,0,0,-703
594,Fancy Export,20.44285714,16.3,77.75714286,0,2022,7,26,0,0,-749
595,Fancy Export,19.74285714,15.57142857,77.25714286,0,2022,7,27,0,0,-707
596,Fancy Export,18.95714286,15.82857143,82.44285714,0,2022,7,28,0,0,-581
597,Fancy Export,20.92857143,16.68571429,77.31428571,0,2022,7,29,0,0,-531
598,Fancy Export,21.5,16.68571429,74.4,0,2022,7,30,0,0,-500
599,Fancy Export,22.75714286,18.24285714,76.28571429,0,2022,8,31,0,0,-401
600,Fancy Export,23.74285714,18.8,74.71428571,0,2022,8,32,0,0,-436
601,Fancy Export,22.62857143,18.05714286,75.7,0,2022,8,33,0,0,-369
602,Fancy Export,22.55714286,17.72857143,74.62857143,0,2022,8,34,0,0,-375
603,Fancy Export,25.7,18.71428571,66.84285714,0,2022,9,35,0,0,-685
604,Fancy Export,25.81428571,20.25714286,72.97142857,1.449714286,2022,9,36,0,0,-265
605,Fancy Export,21.97142857,16.6,71.94285714,0,2022,9,37,0,0,-422
606,Fancy Export,22.4,16.85714286,71.84285714,0,2022,9,38,0,0,-435
607,Fancy Export,21.48571429,17.14285714,76.92857143,0,2022,10,39,0,0,-307
608,Fancy Export,20.51428571,16.92857143,80.25714286,0,2022,10,40,0,0,-418
609,Fancy Export,20.17142857,15.82857143,76.57142857,0.160142857,2022,10,41,0,0,-272
610,Fancy Export,20.81428571,14.15714286,68.24285714,0.107857143,2022,10,42,0,0,136
611,Fancy Export,18.01428571,11.64285714,68.48571429,0,2022,10,43,0,0,350
612,Fancy Export,16.4,8.928571429,63.25714286,0.182571429,2022,11,44,0,0,1775
613,Fancy Export,14.77142857,8.9,69.8,2.425285714,2022,11,45,0,12791,12270
614,Fancy Export,14.45714286,4.8,57.24285714,0,2022,11,46,0,19669,19409
615,Fancy Export,14.7,3.014285714,51.24285714,0,2022,11,47,0,3481,5182
616,Fancy Export,14.65714286,8.971428571,69.94285714,0.01,2022,12,48,0,15223,15097
617,Fancy Export,13.04285714,8.114285714,72.9,1.583285714,2022,12,49,0,18449,17454
618,Fancy Export,11.55714286,4.785714286,66.02857143,1.570142857,2022,12,50,0,31331,30114
619,Fancy Export,12.91428571,6.542857143,68.81428571,0,2022,12,51,0,26433,25765
620,Fancy Export,15.14285714,10.7,76.67142857,3.93,2023,1,52,0,43471,37118
621,Fancy Export,15.14285714,10.7,76.67142857,3.93,2023,1,52,0,43471,15535
622,Fancy Export,14.15714286,11.71428571,85.98571429,0.793857143,2023,12,52,0,43471,37118
623,Fancy Export,14.15714286,11.71428571,85.98571429,0.793857143,2023,12,52,0,43471,15535
624,Fancy Export,14.25714286,9.9,76.54285714,1.888142857,2023,1,1,0,30920,27749
625,Fancy Export,14.07142857,9.471428571,75.95714286,6.243714286,2023,1,2,0,21117,25691
626,Fancy Export,11.95714286,6.514285714,70.47142857,4.116571429,2023,1,3,0,39728,42412
627,Fancy Export,12.88571429,2.314285714,53.21428571,0,2023,1,4,0,93537,89780
628,Fancy Export,12.51428571,5.785714286,66.17142857,1.239142857,2023,2,5,0,84373,78718
629,Fancy Export,14.07142857,2.971428571,51.45714286,1.157142857,2023,2,6,0,109808,100293
630,Fancy Export,12.35714286,1.8,52.77142857,0.480857143,2023,2,7,0,91122,87423
631,Fancy Export,12.27142857,5.914285714,66.17142857,4.105428571,2023,2,8,0,71392,68615
632,Fancy Export,11.9,5.357142857,65.21428571,1.009428571,2023,3,9,0,31595,35485
633,Fancy Export,13.64285714,9,74.62857143,2.113428571,2023,3,10,0,85864,78995
634,Fancy Export,14.82857143,10.3,75.9,4.279714286,2023,3,11,0,57970,57343
635,Fancy Export,13.88571429,8.171428571,69.51428571,3.834285714,2023,3,12,0,55609,51083
636,Fancy Export,13.74285714,7.357142857,67.27142857,1.273857143,2023,4,13,0,96360,91417
637,Fancy Export,14.08571429,6.342857143,62.48571429,0,2023,4,14,0,92633,87343
638,Fancy Export,14.22857143,10.32857143,78.11428571,0.269428571,2023,4,15,0,51887,51211
639,Fancy Export,16.74285714,9.728571429,66.1,0.101571429,2023,4,16,0,49475,48023
640,Fancy Export,16.21428571,12.14285714,77.04285714,0,2023,4,17,0,12877,13231
641,Fancy Export,16,9.471428571,65.88571429,0.374428571,2023,5,18,0,1580,4823
642,Fancy Export,16.41428571,11.71428571,74.11428571,0,2023,5,19,0,0,1622
643,Fancy Export,16.75714286,13.41428571,80.81428571,0,2023,5,20,0,0,829
644,Fancy Export,16.72857143,12.01428571,74.18571429,0,2023,5,21,0,0,-46
645,Fancy Export,17.2,12.32857143,73.51428571,0,2023,6,22,0,0,1603
646,Fancy Export,17.54285714,12.51428571,72.94285714,0.11,2023,6,23,0,0,715
647,Fancy Export,18.17142857,14.14285714,77.61428571,0,2023,6,24,0,0,3017
648,Fancy Export,18.34285714,12.95714286,71.7,0,2023,6,25,0,0,1474
649,Fancy Export,18.7,14.24285714,75.75714286,0,2023,7,26,0,0,969
650,Fancy Export,18.54285714,14.22857143,76.5,0,2023,7,27,0,0,254
651,Fancy Export,21.05714286,16.82857143,77.85714286,0,2023,7,28,0,0,-182
652,Fancy Export,21.22857143,17.85714286,81.71428571,0,2023,7,29,0,0,-118
653,Fancy Export,22.01428571,18.7,82.2,0,2023,7,30,0,0,-166
654,Fancy Export,21.78571429,17.88571429,79.01428571,0,2023,8,31,0,0,-176
655,Fancy Export,22.01428571,17.84285714,77.74285714,0,2023,8,32,0,0,-235
656,Fancy Export,21.24285714,18.22857143,83.3,6.463142857,2023,8,33,0,0,328
657,Fancy Export,21.11428571,17.52857143,80.61428571,0.08,2023,8,34,0,0,-341
658,Fancy Export,22.52857143,18.81428571,80.35714286,0.05,2023,9,35,0,0,-154
659,Fancy Export,22.54285714,17.51428571,73.95714286,0,2023,9,36,0,0,-124
660,Fancy Export,21.55714286,17.01428571,75.7,0,2023,9,37,0,0,-32
661,Fancy Export,20.27142857,15.58571429,74.82857143,0.143714286,2023,9,38,0,0,-39
662,Fancy Export,19.5,14.98571429,75.82857143,0.01,2023,10,39,0,0,0
663,Fancy Export,20.12857143,15.64285714,76.84285714,0,2023,10,40,0,0,42
664,Fancy Export,19.57142857,15.78571429,79.51428571,0.03,2023,10,41,0,0,-201
665,Fancy Export,19.81428571,16.74285714,83.31428571,0,2023,10,42,0,0,-289
666,Fancy Export,18.32857143,13.44285714,74.95714286,0.02,2023,10,43,0,0,407
667,Fancy Export,17.32857143,3.9,46.9,0,2023,11,44,0,7347,6477
668,Fancy Export,16.52857143,7.657142857,60.65714286,0,2023,11,45,0,11742,12572
669,Fancy Export,17.2,11.77142857,73.37142857,0.753571429,2023,11,46,0,20856,21287
670,Fancy Export,16.11428571,6.928571429,58.04285714,0.04,2023,11,47,0,11745,11120
671,Fancy Export,14.32857143,8.185714286,69.5,1.01,2023,12,48,0,25200,21536
672,Fancy Export,14.88571429,7.971428571,68.3,0,2023,12,49,0,26676,22859
673,Fancy Export,14.77142857,6.214285714,60.2,0,2023,12,50,0,18740,24270
674,Fancy Export,16.17142857,11.92857143,77.37142857,1.376428571,2023,12,51,0,17636,16927
675,Fancy Export,12.93333333,9.066666667,78.5,1.248333333,2024,1,1,0,0,4648
676,Fancy Domestic,11.49,4.29,63.57,0.43,2024,1,2,0,None,33666
677,Choice Domestic,11.49,4.29,63.57,0.43,2024,1,2,0,None,12414
678,Fancy Export,11.49,4.29,63.57,0.43,2024,1,2,0,None,22700
679,Choice Export,11.49,4.29,63.57,0.43,2024,1,2,0,None,420
680,Fancy Domestic,14.03,11.33,84.63,1.56,2024,1,3,0,None,28615
681,Choice Domestic,14.03,11.33,84.63,1.56,2024,1,3,0,None,23433
682,Fancy Export,14.03,11.33,84.63,1.56,2024,1,3,0,None,47020
683,Choice Export,14.03,11.33,84.63,1.56,2024,1,3,0,None,1817
684,Fancy Domestic,15.13,10.36,76.4,6.01,2024,1,4,0,,34751
685,Choice Domestic,15.13,10.36,76.4,6.01,2024,1,4,0,,28236
686,Fancy Export,15.13,10.36,76.4,6.01,2024,1,4,0,,42577
687,Choice Export,15.13,10.36,76.4,6.01,2024,1,4,0,,944
688,Fancy Domestic,14.63,8.87,70.47,3,2024,2,5,0,,33765
689,Choice Domestic,14.63,8.87,70.47,3,2024,2,5,0,,32978
690,Fancy Export,14.63,8.87,70.47,3,2024,2,5,0,,52182
691,Choice Export,14.63,8.87,70.47,3,2024,2,5,0,,2489
692,Fancy Domestic,12.99,8.24,74.03,9.9,2024,2,6,0,,34260
693,Choice Domestic,12.99,8.24,74.03,9.9,2024,2,6,0,,33669
694,Fancy Export,12.99,8.24,74.03,9.9,2024,2,6,0,,52128
695,Choice Export,12.99,8.24,74.03,9.9,2024,2,6,0,,2523
696,Fancy Domestic,13.59,9.19,75.7,0,2024,2,7,0,,36942
697,Choice Domestic,13.59,9.19,75.7,0,2024,2,7,0,,33817
698,Fancy Export,13.59,9.19,75.7,0,2024,2,7,0,,61348
699,Choice Export,13.59,9.19,75.7,0,2024,2,7,0,,2313
700,Fancy Domestic,15.7,11.31,76.64,2.24,2024,2,8,0,,36464
701,Choice Domestic,15.7,11.31,76.64,2.24,2024,2,8,0,,33420
702,Fancy Export,15.7,11.31,76.64,2.24,2024,2,8,0,,53292
703,Choice Export,15.7,11.31,76.64,2.24,2024,2,8,0,,3306
704,Fancy Domestic,15.77,11.4,75.97,0.62,2024,3,9,0,,33484
705,Choice Domestic,15.77,11.4,75.97,0.62,2024,3,9,0,,26970
706,Fancy Export,15.77,11.4,75.97,0.62,2024,3,9,0,,43493
707,Choice Export,15.77,11.4,75.97,0.62,2024,3,9,0,,1927
708,Fancy Domestic,14.83,10.3,75.17,1.36,2024,3,10,0,,35665
709,Choice Domestic,14.83,10.3,75.17,1.36,2024,3,10,0,,33141
710,Fancy Export,14.83,10.3,75.17,1.36,2024,3,10,0,,56224
711,Choice Export,14.83,10.3,75.17,1.36,2024,3,10,0,,2906
712,Fancy Domestic,15.07,9.5,70.49,0.28,2024,3,11,0,,34798
713,Choice Domestic,15.07,9.5,70.49,0.28,2024,3,11,0,,33525
714,Fancy Export,15.07,9.5,70.49,0.28,2024,3,11,0,,53694
715,Choice Export,15.07,9.5,70.49,0.28,2024,3,11,0,,2456
716,Fancy Domestic,15.83,10.9,73.16,0.37,2024,3,12,0,,33833
717,Choice Domestic,15.83,10.9,73.16,0.37,2024,3,12,0,,25960
718,Fancy Export,15.83,10.9,73.16,0.37,2024,3,12,0,,41132
719,Choice Export,15.83,10.9,73.16,0.37,2024,3,12,0,,1622
720,Fancy Domestic,14.3,9.97,75.86,7.29,2024,3,13,0,,43374
721,Choice Domestic,14.3,9.97,75.86,7.29,2024,3,13,0,,43509
722,Fancy Export,14.3,9.97,75.86,7.29,2024,3,13,0,,54918
723,Choice Export,14.3,9.97,75.86,7.29,2024,3,13,0,,2361
724,Fancy Domestic,14.49,9.46,72.03,0.19,2024,4,14,0,,43293
725,Choice Domestic,14.49,9.46,72.03,0.19,2024,4,14,0,,39537
726,Fancy Export,14.49,9.46,72.03,0.19,2024,4,14,0,,63840
727,Choice Export,14.49,9.46,72.03,0.19,2024,4,14,0,,2435
728,Fancy Domestic,15.69,7.9,61.07,0.39,2024,4,15,0,,47639
729,Choice Domestic,15.69,7.9,61.07,0.39,2024,4,15,0,,37589
730,Fancy Export,15.69,7.9,61.07,0.39,2024,4,15,0,,42632
731,Choice Export,15.69,7.9,61.07,0.39,2024,4,15,0,,4088
732,Fancy Domestic,16.66,9.54,65.63,0.44,2024,4,16,0,,50838
733,Choice Domestic,16.66,9.54,65.63,0.44,2024,4,16,0,,40468
734,Fancy Export,16.66,9.54,65.63,0.44,2024,4,16,0,,42112
735,Choice Export,16.66,9.54,65.63,0.44,2024,4,16,0,,3125
736,Fancy Domestic,16.81,10.74,69.24,0.39,2024,4,17,0,,41635
737,Choice Domestic,16.81,10.74,69.24,0.39,2024,4,17,0,,15326
738,Fancy Export,16.81,10.74,69.24,0.39,2024,4,17,0,,12046
739,Choice Export,16.81,10.74,69.24,0.39,2024,4,17,0,,1339
740,Fancy Domestic,17.59,10.83,67.76,0.26,2024,5,18,0,,47864
741,Choice Domestic,17.59,10.83,67.76,0.26,2024,5,18,0,,22459
742,Fancy Export,17.59,10.83,67.76,0.26,2024,5,18,0,,9467
743,Choice Export,17.59,10.83,67.76,0.26,2024,5,18,0,,1649
744,Fancy Domestic,17.21,11.57,70.73,0.43,2024,5,19,0,,45601
745,Choice Domestic,17.21,11.57,70.73,0.43,2024,5,19,0,,12613
746,Fancy Export,17.21,11.57,70.73,0.43,2024,5,19,0,,4103
747,Choice Export,17.21,11.57,70.73,0.43,2024,5,19,0,,485
748,Fancy Domestic,17.73,12,70.91,0.37,2024,5,20,0,,33693
749,Choice Domestic,17.73,12,70.91,0.37,2024,5,20,0,,12364
750,Fancy Export,17.73,12,70.91,0.37,2024,5,20,0,,1208
751,Choice Export,17.73,12,70.91,0.37,2024,5,20,0,,393
752,Fancy Domestic,17.39,11.9,70.8,0.27,2024,5,21,0,,35022
753,Choice Domestic,17.39,11.9,70.8,0.27,2024,5,21,0,,7449
754,Fancy Export,17.39,11.9,70.8,0.27,2024,5,21,0,,-230
755,Choice Export,17.39,11.9,70.8,0.27,2024,5,21,0,,42
756,Fancy Domestic,17.81,12.91,73.64,0.03,2024,6,22,0,,33193
757,Choice Domestic,17.81,12.91,73.64,0.03,2024,6,22,0,,18234
758,Fancy Export,17.81,12.91,73.64,0.03,2024,6,22,0,,871
759,Choice Export,17.81,12.91,73.64,0.03,2024,6,22,0,,745
760,Fancy Domestic,18.01,13.33,74.47,0.01,2024,6,23,0,,30007
761,Choice Domestic,18.01,13.33,74.47,0.01,2024,6,23,0,,13332
762,Fancy Export,18.01,13.33,74.47,0.01,2024,6,23,0,,-209
763,Choice Export,18.01,13.33,74.47,0.01,2024,6,23,0,,401
764,Fancy Domestic,18.43,13.63,74.19,0.1,2024,6,24,0,,31714
765,Choice Domestic,18.43,13.63,74.19,0.1,2024,6,24,0,,18990
766,Fancy Export,18.43,13.63,74.19,0.1,2024,6,24,0,,2134
767,Choice Export,18.43,13.63,74.19,0.1,2024,6,24,0,,815
768,Fancy Domestic,19.11,14.31,74.4,0,2024,6,25,0,,31556
769,Choice Domestic,19.11,14.31,74.4,0,2024,6,25,0,,18532
770,Fancy Export,19.11,14.31,74.4,0,2024,6,25,0,,122
771,Choice Export,19.11,14.31,74.4,0,2024,6,25,0,,383
772,Fancy Domestic,19.57,14.94,75.14,0,2024,6,26,0,,31505
773,Choice Domestic,19.57,14.94,75.14,0,2024,6,26,0,,16115
774,Fancy Export,19.57,14.94,75.14,0,2024,6,26,0,,-36
775,Choice Export,19.57,14.94,75.14,0,2024,6,26,0,,377
776,Fancy Domestic,20.04,15.47,75.5,0,2024,7,27,0,,15215
777,Choice Domestic,20.04,15.47,75.5,0,2024,7,27,0,,5536
778,Fancy Export,20.04,15.47,75.5,0,2024,7,27,0,,-383
779,Choice Export,20.04,15.47,75.5,0,2024,7,27,0,,256
780,Fancy Domestic,20.64,16.13,75.9,0.1,2024,7,28,0,,10643
781,Choice Domestic,20.64,16.13,75.9,0.1,2024,7,28,0,,3806
782,Fancy Export,20.64,16.13,75.9,0.1,2024,7,28,0,,-249
783,Choice Export,20.64,16.13,75.9,0.1,2024,7,28,0,,339
784,Fancy Domestic,21,16.44,75.83,0.3,2024,7,29,0,,5814
785,Choice Domestic,21,16.44,75.83,0.3,2024,7,29,0,,3124
786,Fancy Export,21,16.44,75.83,0.3,2024,7,29,0,,-39
787,Choice Export,21,16.44,75.83,0.3,2024,7,29,0,,268
788,Fancy Domestic,21.29,16.83,76.26,0.03,2024,7,30,0,,401
789,Choice Domestic,21.29,16.83,76.26,0.03,2024,7,30,0,,1355
790,Fancy Export,21.29,16.83,76.26,0.03,2024,7,30,0,,-503
791,Choice Export,21.29,16.83,76.26,0.03,2024,7,30,0,,-7
792,Fancy Domestic,21.27,16.77,75.91,0.06,2024,8,31,0,,3928
793,Choice Domestic,21.27,16.77,75.91,0.06,2024,8,31,0,,2489
794,Fancy Export,21.27,16.77,75.91,0.06,2024,8,31,0,,-320
795,Choice Export,21.27,16.77,75.91,0.06,2024,8,31,0,,119
796,Fancy Domestic,21.29,16.5,74.93,0.01,2024,8,32,0,,5
797,Choice Domestic,21.29,16.5,74.93,0.01,2024,8,32,0,,312
798,Fancy Export,21.29,16.5,74.93,0.01,2024,8,32,0,,-709
799,Choice Export,21.29,16.5,74.93,0.01,2024,8,32,0,,-50
800,Fancy Domestic,21.5,16.94,75.96,0,2024,8,33,0,,-1093
801,Choice Domestic,21.5,16.94,75.96,0,2024,8,33,0,,-85
802,Fancy Export,21.5,16.94,75.96,0,2024,8,33,0,,-850
803,Choice Export,21.5,16.94,75.96,0,2024,8,33,0,,-14
804,Fancy Domestic,21.36,16.64,75.11,0.09,2024,8,34,0,,-547
805,Choice Domestic,21.36,16.64,75.11,0.09,2024,8,34,0,,-119
806,Fancy Export,21.36,16.64,75.11,0.09,2024,8,34,0,,-914
807,Choice Export,21.36,16.64,75.11,0.09,2024,8,34,0,,-246
808,Fancy Domestic,21.96,17.09,75.01,0,2024,9,35,0,,-678
809,Choice Domestic,21.96,17.09,75.01,0,2024,9,35,0,,85
810,Fancy Export,21.96,17.09,75.01,0,2024,9,35,0,,-771
811,Choice Export,21.96,17.09,75.01,0,2024,9,35,0,,45
812,Fancy Domestic,21.97,16.97,74.34,0.1,2024,9,36,0,,-733
813,Choice Domestic,21.97,16.97,74.34,0.1,2024,9,36,0,,42
814,Fancy Export,21.97,16.97,74.34,0.1,2024,9,36,0,,-658
815,Choice Export,21.97,16.97,74.34,0.1,2024,9,36,0,,151
816,Fancy Domestic,21.43,16.4,74.13,0.24,2024,9,37,0,,-1382
817,Choice Domestic,21.43,16.4,74.13,0.24,2024,9,37,0,,-107
818,Fancy Export,21.43,16.4,74.13,0.24,2024,9,37,0,,-437
819,Choice Export,21.43,16.4,74.13,0.24,2024,9,37,0,,96
820,Fancy Domestic,20.61,15.76,74.84,0.11,2024,9,38,0,,-792
821,Choice Domestic,20.61,15.76,74.84,0.11,2024,9,38,0,,204
822,Fancy Export,20.61,15.76,74.84,0.11,2024,9,38,0,,-622
823,Choice Export,20.61,15.76,74.84,0.11,2024,9,38,0,,119
824,Fancy Domestic,20.86,15.49,73.37,0.01,2024,9,39,0,,-217
825,Choice Domestic,20.86,15.49,73.37,0.01,2024,9,39,0,,4
826,Fancy Export,20.86,15.49,73.37,0.01,2024,9,39,0,,-955
827,Choice Export,20.86,15.49,73.37,0.01,2024,9,39,0,,-67
828,Fancy Domestic,20.2,14.47,71.63,0.31,2024,10,40,0,,-18
829,Choice Domestic,20.2,14.47,71.63,0.31,2024,10,40,0,,197
830,Fancy Export,20.2,14.47,71.63,0.31,2024,10,40,0,,-740
831,Choice Export,20.2,14.47,71.63,0.31,2024,10,40,0,,-61
832,Fancy Domestic,19.77,13.47,69.51,0.29,2024,10,41,0,,857
833,Choice Domestic,19.77,13.47,69.51,0.29,2024,10,41,0,,155
834,Fancy Export,19.77,13.47,69.51,0.29,2024,10,41,0,,-677
835,Choice Export,19.77,13.47,69.51,0.29,2024,10,41,0,,-200
836,Fancy Domestic,19.51,13.59,71.8,0.86,2024,10,42,0,,35915
837,Choice Domestic,19.51,13.59,71.8,0.86,2024,10,42,0,,5512
838,Fancy Export,19.51,13.59,71.8,0.86,2024,10,42,0,,-182
839,Choice Export,19.51,13.59,71.8,0.86,2024,10,42,0,,230
840,Fancy Domestic,19.36,12.27,68.09,0.77,2024,10,43,0,,39536
841,Choice Domestic,19.36,12.27,68.09,0.77,2024,10,43,0,,5528
842,Fancy Export,19.36,12.27,68.09,0.77,2024,10,43,0,,-313
843,Choice Export,19.36,12.27,68.09,0.77,2024,10,43,0,,328
844,Fancy Domestic,18.17,11,66.29,0.64,2024,11,44,0,,43232
845,Choice Domestic,18.17,11,66.29,0.64,2024,11,44,0,,11459
846,Fancy Export,18.17,11,66.29,0.64,2024,11,44,0,,5240
847,Choice Export,18.17,11,66.29,0.64,2024,11,44,0,,914
848,Fancy Domestic,17.64,10.53,67.21,0.46,2024,11,45,0,,42999
849,Choice Domestic,17.64,10.53,67.21,0.46,2024,11,45,0,,14505
850,Fancy Export,17.64,10.53,67.21,0.46,2024,11,45,0,,12671
851,Choice Export,17.64,10.53,67.21,0.46,2024,11,45,0,,1765
852,Fancy Domestic,17.21,9.29,64.13,0.41,2024,11,46,0,,44927
853,Choice Domestic,17.21,9.29,64.13,0.41,2024,11,46,0,,13905
854,Fancy Export,17.21,9.29,64.13,0.41,2024,11,46,0,,17057
855,Choice Export,17.21,9.29,64.13,0.41,2024,11,46,0,,788
856,Fancy Domestic,16.47,9.2,65.83,0.77,2024,11,47,0,,36308
857,Choice Domestic,16.47,9.2,65.83,0.77,2024,11,47,0,,7539
858,Fancy Export,16.47,9.2,65.83,0.77,2024,11,47,0,,5773
859,Choice Export,16.47,9.2,65.83,0.77,2024,11,47,0,,363
860,Fancy Domestic,15.3,7.46,63.29,1.23,2024,12,48,0,,38812
861,Choice Domestic,15.3,7.46,63.29,1.23,2024,12,48,0,,7376
862,Fancy Export,15.3,7.46,63.29,1.23,2024,12,48,0,,13254
863,Choice Export,15.3,7.46,63.29,1.23,2024,12,48,0,,1126
864,Fancy Domestic,14.84,7.67,66.07,1.73,2024,12,49,0,,40811
865,Choice Domestic,14.84,7.67,66.07,1.73,2024,12,49,0,,7429
866,Fancy Export,14.84,7.67,66.07,1.73,2024,12,49,0,,13977
867,Choice Export,14.84,7.67,66.07,1.73,2024,12,49,0,,1174
868,Fancy Domestic,14.41,7.61,67.4,1.07,2024,12,50,0,,37503
869,Choice Domestic,14.41,7.61,67.4,1.07,2024,12,50,0,,10887
870,Fancy Export,14.41,7.61,67.4,1.07,2024,12,50,0,,24371
871,Choice Export,14.41,7.61,67.4,1.07,2024,12,50,0,,206
872,Fancy Domestic,14.07,6.39,63.61,2.37,2024,12,51,0,,38041
873,Choice Domestic,14.07,6.39,63.61,2.37,2024,12,51,0,,9452
874,Fancy Export,14.07,6.39,63.61,2.37,2024,12,51,0,,18597
875,Choice Export,14.07,6.39,63.61,2.37,2024,12,51,0,,189
876,Fancy Domestic,13.59,5.1,60.21,1.59,2024,12,52,0,,39538
877,Choice Domestic,13.59,5.1,60.21,1.59,2024,12,52,0,,8626
878,Fancy Export,13.59,5.1,60.21,1.59,2024,12,52,0,,16966
879,Choice Export,13.59,5.1,60.21,1.59,2024,12,52,0,,421
880,Fancy Domestic,13.53,5.99,64.23,1.54,2025,1,1,0,,42124
881,Choice Domestic,13.53,5.99,64.23,1.54,2025,1,1,0,,7288
882,Fancy Export,13.53,5.99,64.23,1.54,2025,1,1,0,,14816
883,Choice Export,13.53,5.99,64.23,1.54,2025,1,1,0,,-59
884,Fancy Domestic,14.21,7.67,68.54,2.2,2025,1,2,0,,44066
885,Choice Domestic,14.21,7.67,68.54,2.2,2025,1,2,0,,15149
886,Fancy Export,14.21,7.67,68.54,2.2,2025,1,2,0,,28332
887,Choice Export,14.21,7.67,68.54,2.2,2025,1,2,0,,1295
888,Fancy Domestic,14.53,6.1,61.63,0.64,2025,1,3,0,,44196
889,Choice Domestic,14.53,6.1,61.63,0.64,2025,1,3,0,,26520
890,Fancy Export,14.53,6.1,61.63,0.64,2025,1,3,0,,47764
891,Choice Export,14.53,6.1,61.63,0.64,2025,1,3,0,,1916
892,Fancy Domestic,14.47,6.93,64.56,1.61,2025,1,4,0,,45256
893,Choice Domestic,14.47,6.93,64.56,1.61,2025,1,4,0,,29807
894,Fancy Export,14.47,6.93,64.56,1.61,2025,1,4,0,,60106
895,Choice Export,14.47,6.93,64.56,1.61,2025,1,4,0,,2146
896,Fancy Domestic,14.24,6.59,64.06,0.74,2025,2,5,0,,42105
897,Choice Domestic,14.24,6.59,64.06,0.74,2025,2,5,0,,34338
898,Fancy Export,14.24,6.59,64.06,0.74,2025,2,5,0,,61903
899,Choice Export,14.24,6.59,64.06,0.74,2025,2,5,0,,1810
900,Fancy Domestic,14.63,7.04,64.69,1.29,2025,2,6,0,,44823
901,Choice Domestic,14.63,7.04,64.69,1.29,2025,2,6,0,,36267
902,Fancy Export,14.63,7.04,64.69,1.29,2025,2,6,0,,63918
903,Choice Export,14.63,7.04,64.69,1.29,2025,2,6,0,,3477
904,Fancy Domestic,14.83,7.29,64.67,1.6,2025,2,7,0,,41515
905,Choice Domestic,14.83,7.29,64.67,1.6,2025,2,7,0,,34433
906,Fancy Export,14.83,7.29,64.67,1.6,2025,2,7,0,,53661
907,Choice Export,14.83,7.29,64.67,1.6,2025,2,7,0,,2520
908,Fancy Domestic,14.29,7.96,67.89,2.77,2025,2,8,0,,37666
909,Choice Domestic,14.29,7.96,67.89,2.77,2025,2,8,0,,33476
910,Fancy Export,14.29,7.96,67.89,2.77,2025,2,8,0,,54724
911,Choice Export,14.29,7.96,67.89,2.77,2025,2,8,0,,2143
912,Fancy Domestic,14.43,7.96,67.94,2.37,2025,3,9,0,,34516
913,Choice Domestic,14.43,7.96,67.94,2.37,2025,3,9,0,,26924
914,Fancy Export,14.43,7.96,67.94,2.37,2025,3,9,0,,52747
915,Choice Export,14.43,7.96,67.94,2.37,2025,3,9,0,,2075
916,Fancy Domestic,15.09,7.64,64.76,1.17,2025,3,10,0,,40019
917,Choice Domestic,15.09,7.64,64.76,1.17,2025,3,10,0,,31976
918,Fancy Export,15.09,7.64,64.76,1.17,2025,3,10,0,,54430
919,Choice Export,15.09,7.64,64.76,1.17,2025,3,10,0,,2366
920,Fancy Domestic,15.44,9.11,68.79,0.76,2025,3,11,0,,42837
921,Choice Domestic,15.44,9.11,68.79,0.76,2025,3,11,0,,33408
922,Fancy Export,15.44,9.11,68.79,0.76,2025,3,11,0,,53489
923,Choice Export,15.44,9.11,68.79,0.76,2025,3,11,0,,2368
924,Fancy Domestic,15.46,9.7,70.11,0.86,2025,3,12,0,,37572
925,Choice Domestic,15.46,9.7,70.11,0.86,2025,3,12,0,,26264
926,Fancy Export,15.46,9.7,70.11,0.86,2025,3,12,0,,44573
927,Choice Export,15.46,9.7,70.11,0.86,2025,3,12,0,,1909
928,Fancy Domestic,16.03,9.46,67.49,0.27,2025,3,13,0,,64386
929,Choice Domestic,16.03,9.46,67.49,0.27,2025,3,13,0,,48336
930,Fancy Export,16.03,9.46,67.49,0.27,2025,3,13,0,,71106
931,Choice Export,16.03,9.46,67.49,0.27,2025,3,13,0,,3763
932,Fancy Domestic,15.93,9.31,66.79,0.53,2025,4,14,0,,49704
933,Choice Domestic,15.93,9.31,66.79,0.53,2025,4,14,0,,40031
934,Fancy Export,15.93,9.31,66.79,0.53,2025,4,14,0,,63748
935,Choice Export,15.93,9.31,66.79,0.53,2025,4,14,0,,1957
936,Fancy Domestic,16.33,9.6,66.5,0.63,2025,4,15,0,,50584
937,Choice Domestic,16.33,9.6,66.5,0.63,2025,4,15,0,,35677
938,Fancy Export,16.33,9.6,66.5,0.63,2025,4,15,0,,41723
939,Choice Export,16.33,9.6,66.5,0.63,2025,4,15,0,,2101
940,Fancy Domestic,16.61,9.41,65.36,0.66,2025,4,16,0,,58554
941,Choice Domestic,16.61,9.41,65.36,0.66,2025,4,16,0,,40205
942,Fancy Export,16.61,9.41,65.36,0.66,2025,4,16,0,,43177
943,Choice Export,16.61,9.41,65.36,0.66,2025,4,16,0,,3034
944,Fancy Domestic,16.73,10.77,69.51,0.36,2025,4,17,0,,50537
945,Choice Domestic,16.73,10.77,69.51,0.36,2025,4,17,0,,16689
946,Fancy Export,16.73,10.77,69.51,0.36,2025,4,17,0,,14439
947,Choice Export,16.73,10.77,69.51,0.36,2025,4,17,0,,942
948,Fancy Domestic,17.59,10.64,67.23,0.24,2025,5,18,0,,50101
949,Choice Domestic,17.59,10.64,67.23,0.24,2025,5,18,0,,24190
950,Fancy Export,17.59,10.64,67.23,0.24,2025,5,18,0,,11780
951,Choice Export,17.59,10.64,67.23,0.24,2025,5,18,0,,1554
952,Fancy Domestic,17.13,11.61,71.16,0.56,2025,5,19,0,,49013
953,Choice Domestic,17.13,11.61,71.16,0.56,2025,5,19,0,,13744
954,Fancy Export,17.13,11.61,71.16,0.56,2025,5,19,0,,5429
955,Choice Export,17.13,11.61,71.16,0.56,2025,5,19,0,,127
956,Fancy Domestic,17.7,11.83,70.36,0.34,2025,5,20,0,,40898
957,Choice Domestic,17.7,11.83,70.36,0.34,2025,5,20,0,,13016
958,Fancy Export,17.7,11.83,70.36,0.34,2025,5,20,0,,1781
959,Choice Export,17.7,11.83,70.36,0.34,2025,5,20,0,,186
960,Fancy Domestic,17.44,12.01,71.19,0.29,2025,5,21,0,,34423
961,Choice Domestic,17.44,12.01,71.19,0.29,2025,5,21,0,,7897
962,Fancy Export,17.44,12.01,71.19,0.29,2025,5,21,0,,391
963,Choice Export,17.44,12.01,71.19,0.29,2025,5,21,0,,-254
964,Fancy Domestic,17.74,12.73,73.03,0.04,2025,6,22,0,,36034
965,Choice Domestic,17.74,12.73,73.03,0.04,2025,6,22,0,,17901
966,Fancy Export,17.74,12.73,73.03,0.04,2025,6,22,0,,1592
967,Choice Export,17.74,12.73,73.03,0.04,2025,6,22,0,,527
968,Fancy Domestic,18.01,13.3,74.37,0.01,2025,6,23,0,,31267
969,Choice Domestic,18.01,13.3,74.37,0.01,2025,6,23,0,,13723
970,Fancy Export,18.01,13.3,74.37,0.01,2025,6,23,0,,446
971,Choice Export,18.01,13.3,74.37,0.01,2025,6,23,0,,230
972,Fancy Domestic,18.34,13.54,74.16,0.1,2025,6,24,0,,33121
973,Choice Domestic,18.34,13.54,74.16,0.1,2025,6,24,0,,20098
974,Fancy Export,18.34,13.54,74.16,0.1,2025,6,24,0,,3029
975,Choice Export,18.34,13.54,74.16,0.1,2025,6,24,0,,614
976,Fancy Domestic,19.04,14.24,74.41,0,2025,6,25,0,,32623
977,Choice Domestic,19.04,14.24,74.41,0,2025,6,25,0,,18919
978,Fancy Export,19.04,14.24,74.41,0,2025,6,25,0,,777
979,Choice Export,19.04,14.24,74.41,0,2025,6,25,0,,204
980,Fancy Domestic,19.47,14.81,74.96,0,2025,6,26,0,,32363
981,Choice Domestic,19.47,14.81,74.96,0,2025,6,26,0,,16693
982,Fancy Export,19.47,14.81,74.96,0,2025,6,26,0,,618
983,Choice Export,19.47,14.81,74.96,0,2025,6,26,0,,198
984,Fancy Domestic,19.99,15.44,75.66,0,2025,7,27,0,,16291
985,Choice Domestic,19.99,15.44,75.66,0,2025,7,27,0,,6027
986,Fancy Export,19.99,15.44,75.66,0,2025,7,27,0,,330
987,Choice Export,19.99,15.44,75.66,0,2025,7,27,0,,100
988,Fancy Domestic,20.56,15.99,75.61,0,2025,7,28,0,,12000
989,Choice Domestic,20.56,15.99,75.61,0,2025,7,28,0,,4908
990,Fancy Export,20.56,15.99,75.61,0,2025,7,28,0,,578
991,Choice Export,20.56,15.99,75.61,0,2025,7,28,0,,275
992,Fancy Domestic,20.94,16.43,75.97,0.4,2025,7,29,0,,4876
993,Choice Domestic,20.94,16.43,75.97,0.4,2025,7,29,0,,2132
994,Fancy Export,20.94,16.43,75.97,0.4,2025,7,29,0,,363
995,Choice Export,20.94,16.43,75.97,0.4,2025,7,29,0,,-174
996,Fancy Domestic,21.29,16.86,76.39,0.03,2025,7,30,0,,1648
997,Choice Domestic,21.29,16.86,76.39,0.03,2025,7,30,0,,1834
998,Fancy Export,21.29,16.86,76.39,0.03,2025,7,30,0,,126
999,Choice Export,21.29,16.86,76.39,0.03,2025,7,30,0,,-80
1000,Fancy Domestic,21.24,16.71,75.81,0.06,2025,8,31,0,,5762
1001,Choice Domestic,21.24,16.71,75.81,0.06,2025,8,31,0,,3552
1002,Fancy Export,21.24,16.71,75.81,0.06,2025,8,31,0,,518
1003,Choice Export,21.24,16.71,75.81,0.06,2025,8,31,0,,29
1004,Fancy Domestic,21.29,16.54,75.07,0,2025,8,32,0,,931
1005,Choice Domestic,21.29,16.54,75.07,0,2025,8,32,0,,675
1006,Fancy Export,21.29,16.54,75.07,0,2025,8,32,0,,-144
1007,Choice Export,21.29,16.54,75.07,0,2025,8,32,0,,-327
1008,Fancy Domestic,21.47,16.9,75.91,0.01,2025,8,33,0,,477
1009,Choice Domestic,21.47,16.9,75.91,0.01,2025,8,33,0,,481
1010,Fancy Export,21.47,16.9,75.91,0.01,2025,8,33,0,,14
1011,Choice Export,21.47,16.9,75.91,0.01,2025,8,33,0,,58
1012,Fancy Domestic,21.34,16.61,75.07,0.09,2025,8,34,0,,535
1013,Choice Domestic,21.34,16.61,75.07,0.09,2025,8,34,0,,232
1014,Fancy Export,21.34,16.61,75.07,0.09,2025,8,34,0,,-279
1015,Choice Export,21.34,16.61,75.07,0.09,2025,8,34,0,,-420
1016,Fancy Domestic,21.93,17.1,75.09,0,2025,8,35,0,,476
1017,Choice Domestic,21.93,17.1,75.09,0,2025,8,35,0,,568
1018,Fancy Export,21.93,17.1,75.09,0,2025,8,35,0,,-95
1019,Choice Export,21.93,17.1,75.09,0,2025,8,35,0,,-85
1020,Fancy Domestic,22.01,17.04,74.59,0.1,2025,9,36,0,,278
1021,Choice Domestic,22.01,17.04,74.59,0.1,2025,9,36,0,,496
1022,Fancy Export,22.01,17.04,74.59,0.1,2025,9,36,0,,-1
1023,Choice Export,22.01,17.04,74.59,0.1,2025,9,36,0,,13
1024,Fancy Domestic,21.49,16.44,73.91,0.04,2025,9,37,0,,229
1025,Choice Domestic,21.49,16.44,73.91,0.04,2025,9,37,0,,154
1026,Fancy Export,21.49,16.44,73.91,0.04,2025,9,37,0,,-175
1027,Choice Export,21.49,16.44,73.91,0.04,2025,9,37,0,,-232
1028,Fancy Domestic,20.69,15.89,75.07,0.31,2025,9,38,0,,377
1029,Choice Domestic,20.69,15.89,75.07,0.31,2025,9,38,0,,526
1030,Fancy Export,20.69,15.89,75.07,0.31,2025,9,38,0,,39
1031,Choice Export,20.69,15.89,75.07,0.31,2025,9,38,0,,-165
1032,Fancy Domestic,20.84,15.5,73.6,0.01,2025,9,39,0,,609
1033,Choice Domestic,20.84,15.5,73.6,0.01,2025,9,39,0,,375
1034,Fancy Export,20.84,15.5,73.6,0.01,2025,9,39,0,,-315
1035,Choice Export,20.84,15.5,73.6,0.01,2025,9,39,0,,-244
1036,Fancy Domestic,20.33,14.87,72.49,0.2,2025,10,40,0,,888
1037,Choice Domestic,20.33,14.87,72.49,0.2,2025,10,40,0,,668
1038,Fancy Export,20.33,14.87,72.49,0.2,2025,10,40,0,,110
1039,Choice Export,20.33,14.87,72.49,0.2,2025,10,40,0,,20
1040,Fancy Domestic,19.84,13.24,68.47,0.34,2025,10,41,0,,3092
1041,Choice Domestic,19.84,13.24,68.47,0.34,2025,10,41,0,,737
1042,Fancy Export,19.84,13.24,68.47,0.34,2025,10,41,0,,56
1043,Choice Export,19.84,13.24,68.47,0.34,2025,10,41,0,,-230
1044,Fancy Domestic,19.51,13.67,71.97,0.67,2025,10,42,0,,38260
1045,Choice Domestic,19.51,13.67,71.97,0.67,2025,10,42,0,,6314
1046,Fancy Export,19.51,13.67,71.97,0.67,2025,10,42,0,,997
1047,Choice Export,19.51,13.67,71.97,0.67,2025,10,42,0,,80
1048,Fancy Domestic,19.46,12.53,68.66,0.41,2025,10,43,0,,40841
1049,Choice Domestic,19.46,12.53,68.66,0.41,2025,10,43,0,,6284
1050,Fancy Export,19.46,12.53,68.66,0.41,2025,10,43,0,,750
1051,Choice Export,19.46,12.53,68.66,0.41,2025,10,43,0,,141
1052,Fancy Domestic,18.3,11.11,66.46,1.06,2025,11,44,0,,49361
1053,Choice Domestic,18.3,11.11,66.46,1.06,2025,11,44,0,,11020
1054,Fancy Export,18.3,11.11,66.46,1.06,2025,11,44,0,,5038
1055,Choice Export,18.3,11.11,66.46,1.06,2025,11,44,0,,454
1056,Fancy Domestic,17.69,10.64,67.36,0.56,2025,11,45,0,,51069
1057,Choice Domestic,17.69,10.64,67.36,0.56,2025,11,45,0,,15027
1058,Fancy Export,17.69,10.64,67.36,0.56,2025,11,45,0,,14340
1059,Choice Export,17.69,10.64,67.36,0.56,2025,11,45,0,,1343
1060,Fancy Domestic,17.29,9.49,64.56,0.5,2025,11,46,0,,56720
1061,Choice Domestic,17.29,9.49,64.56,0.5,2025,11,46,0,,15217
1062,Fancy Export,17.29,9.49,64.56,0.5,2025,11,46,0,,19782
1063,Choice Export,17.29,9.49,64.56,0.5,2025,11,46,0,,536
1064,Fancy Domestic,16.63,9.27,65.7,0.73,2025,11,47,0,,50163
1065,Choice Domestic,16.63,9.27,65.7,0.73,2025,11,47,0,,9566
1066,Fancy Export,16.63,9.27,65.7,0.73,2025,11,47,0,,7936
1067,Choice Export,16.63,9.27,65.7,0.73,2025,11,47,0,,241
1068,Fancy Domestic,15.47,7.44,62.76,1.27,2025,11,48,0,,42554
1069,Choice Domestic,15.47,7.44,62.76,1.27,2025,11,48,0,,7354
1070,Fancy Export,15.47,7.44,62.76,1.27,2025,11,48,0,,9350
1071,Choice Export,15.47,7.44,62.76,1.27,2025,11,48,0,,340
1072,Fancy Domestic,14.83,7.71,66.2,1.64,2025,12,49,0,,45991
1073,Choice Domestic,14.83,7.71,66.2,1.64,2025,12,49,0,,8294
1074,Fancy Export,14.83,7.71,66.2,1.64,2025,12,49,0,,17247
1075,Choice Export,14.83,7.71,66.2,1.64,2025,12,49,0,,969
1076,Fancy Domestic,14.53,7.77,67.46,0.96,2025,12,50,0,,42878
1077,Choice Domestic,14.53,7.77,67.46,0.96,2025,12,50,0,,11605
1078,Fancy Export,14.53,7.77,67.46,0.96,2025,12,50,0,,26430
1079,Choice Export,14.53,7.77,67.46,0.96,2025,12,50,0,,45
1080,Fancy Domestic,14.06,6.3,63.26,2.04,2025,12,51,0,,44548
1081,Choice Domestic,14.06,6.3,63.26,2.04,2025,12,51,0,,10920
1082,Fancy Export,14.06,6.3,63.26,2.04,2025,12,51,0,,23223
1083,Choice Export,14.06,6.3,63.26,2.04,2025,12,51,0,,451
1084,Fancy Domestic,13.67,5.31,61,1.64,2025,12,52,0,,43611
1085,Choice Domestic,13.67,5.31,61,1.64,2025,12,52,0,,9688
1086,Fancy Export,13.67,5.31,61,1.64,2025,12,52,0,,22050
1087,Choice Export,13.67,5.31,61,1.64,2025,12,52,0,,74
1088,Fancy Domestic,13.1,6.47,67.17,2.3,2026,1,1,0,,44762
1089,Choice Domestic,13.1,6.47,67.17,2.3,2026,1,1,0,,9163
1090,Fancy Export,13.1,6.47,67.17,2.3,2026,1,1,0,,18616
1091,Choice Export,13.1,6.47,67.17,2.3,2026,1,1,0,,780
